date,ticker,adj_close
2023-01-03,AAPL,123.21121978759766
2023-01-04,AAPL,124.48204040527344
2023-01-05,AAPL,123.16194152832031
2023-01-06,AAPL,127.6935806274414
2023-01-09,AAPL,128.21566772460938
2023-01-10,AAPL,128.78709411621094
2023-01-11,AAPL,131.50607299804688
2023-01-12,AAPL,131.42727661132812
2023-01-13,AAPL,132.75717163085938
2023-01-17,AAPL,133.91964721679688
2023-01-18,AAPL,133.20050048828125
2023-01-19,AAPL,133.25961303710938
2023-01-20,AAPL,135.82095336914062
2023-01-23,AAPL,139.0128173828125
2023-01-24,AAPL,140.41171264648438
2023-01-25,AAPL,139.75167846679688
2023-01-26,AAPL,141.8204803466797
2023-01-27,AAPL,143.7611541748047
2023-01-30,AAPL,140.87472534179688
2023-01-31,AAPL,142.14553833007812
2023-02-01,AAPL,143.2686004638672
2023-02-02,AAPL,148.57852172851562
2023-02-03,AAPL,152.20382690429688
2023-02-06,AAPL,149.47500610351562
2023-02-07,AAPL,152.35157775878906
2023-02-08,AAPL,149.66217041015625
2023-02-09,AAPL,148.6277618408203
2023-02-10,AAPL,148.9927978515625
2023-02-13,AAPL,151.79489135742188
2023-02-14,AAPL,151.15354919433594
2023-02-15,AAPL,153.25515747070312
2023-02-16,AAPL,151.65675354003906
2023-02-17,AAPL,150.5122528076172
2023-02-21,AAPL,146.49659729003906
2023-02-22,AAPL,146.9208984375
2023-02-23,AAPL,147.40432739257812
2023-02-24,AAPL,144.75025939941406
2023-02-27,AAPL,145.94412231445312
2023-02-28,AAPL,145.44091796875
2023-03-01,AAPL,143.36895751953125
2023-03-02,AAPL,143.9609832763672
2023-03-03,AAPL,149.01258850097656
2023-03-06,AAPL,151.7751922607422
2023-03-07,AAPL,149.57493591308594
2023-03-08,AAPL,150.82798767089844
2023-03-09,AAPL,148.57843017578125
2023-03-10,AAPL,146.516357421875
2023-03-13,AAPL,148.4600372314453
2023-03-14,AAPL,150.55174255371094
2023-03-15,AAPL,150.94638061523438
2023-03-16,AAPL,153.7681884765625
2023-03-17,AAPL,152.9295196533203
2023-03-20,AAPL,155.29747009277344
2023-03-21,AAPL,157.15235900878906
2023-03-22,AAPL,155.72169494628906
2023-03-23,AAPL,156.80706787109375
2023-03-24,AAPL,158.10939025878906
2023-03-27,AAPL,156.16574096679688
2023-03-28,AAPL,155.5441436767578
2023-03-29,AAPL,158.62246704101562
2023-03-30,AAPL,160.19122314453125
2023-03-31,AAPL,162.697265625
2023-04-03,AAPL,163.9503173828125
2023-04-04,AAPL,163.41754150390625
2023-04-05,AAPL,161.572509765625
2023-04-06,AAPL,162.4604949951172
2023-04-10,AAPL,159.86561584472656
2023-04-11,AAPL,158.6520538330078
2023-04-12,AAPL,157.96144104003906
2023-04-13,AAPL,163.3484649658203
2023-04-14,AAPL,163.00315856933594
2023-04-17,AAPL,163.02288818359375
2023-04-18,AAPL,164.24630737304688
2023-04-19,AAPL,165.3908233642578
2023-04-20,AAPL,164.42393493652344
2023-04-21,AAPL,162.81570434570312
2023-04-24,AAPL,163.12152099609375
2023-04-25,AAPL,161.5823974609375
2023-04-26,AAPL,161.572509765625
2023-04-27,AAPL,166.16038513183594
2023-04-28,AAPL,167.41343688964844
2023-05-01,AAPL,167.3246307373047
2023-05-02,AAPL,166.2886505126953
2023-05-03,AAPL,165.21322631835938
2023-05-04,AAPL,163.5753936767578
2023-05-05,AAPL,171.25148010253906
2023-05-08,AAPL,171.18240356445312
2023-05-09,AAPL,169.47552490234375
2023-05-10,AAPL,171.24159240722656
2023-05-11,AAPL,171.4290771484375
2023-05-12,AAPL,170.50033569335938
2023-05-15,AAPL,170.00636291503906
2023-05-16,AAPL,170.00636291503906
2023-05-17,AAPL,170.61886596679688
2023-05-18,AAPL,172.9506072998047
2023-05-19,AAPL,173.0592803955078
2023-05-22,AAPL,172.1107940673828
2023-05-23,AAPL,169.50242614746094
2023-05-24,AAPL,169.77906799316406
2023-05-25,AAPL,170.9153289794922
2023-05-26,AAPL,173.3260498046875
2023-05-30,AAPL,175.1736297607422
2023-05-31,AAPL,175.1242218017578
2023-06-01,AAPL,177.93016052246094
2023-06-02,AAPL,178.77980041503906
2023-06-05,AAPL,177.42623901367188
2023-06-06,AAPL,177.06072998046875
2023-06-07,AAPL,175.68739318847656
2023-06-08,AAPL,178.4044189453125
2023-06-09,AAPL,178.78973388671875
2023-06-12,AAPL,181.58575439453125
2023-06-13,AAPL,181.11154174804688
2023-06-14,AAPL,181.74386596679688
2023-06-15,AAPL,183.77915954589844
2023-06-16,AAPL,182.7022247314453
2023-06-20,AAPL,182.79112243652344
2023-06-21,AAPL,181.75372314453125
2023-06-22,AAPL,184.75729370117188
2023-06-23,AAPL,184.44110107421875
2023-06-26,AAPL,183.04803466796875
2023-06-27,AAPL,185.8045654296875
2023-06-28,AAPL,186.98028564453125
2023-06-29,AAPL,187.3162078857422
2023-06-30,AAPL,191.6436767578125
2023-07-03,AAPL,190.15182495117188
2023-07-05,AAPL,189.03536987304688
2023-07-06,AAPL,189.5095977783203
2023-07-07,AAPL,188.3931121826172
2023-07-10,AAPL,186.3479766845703
2023-07-11,AAPL,185.82432556152344
2023-07-12,AAPL,187.4940643310547
2023-07-13,AAPL,188.2548065185547
2023-07-14,AAPL,188.4030303955078
2023-07-17,AAPL,191.66346740722656
2023-07-18,AAPL,191.4065399169922
2023-07-19,AAPL,192.7601318359375
2023-07-20,AAPL,190.8137664794922
2023-07-21,AAPL,189.63803100585938
2023-07-24,AAPL,190.4383087158203
2023-07-25,AAPL,191.29786682128906
2023-07-26,AAPL,192.16734313964844
2023-07-27,AAPL,190.90267944335938
2023-07-28,AAPL,193.4813690185547
2023-07-31,AAPL,194.0939178466797
2023-08-01,AAPL,193.26400756835938
2023-08-02,AAPL,190.27035522460938
2023-08-03,AAPL,188.8772430419922
2023-08-04,AAPL,179.80734252929688
2023-08-07,AAPL,176.70501708984375
2023-08-08,AAPL,177.6436309814453
2023-08-09,AAPL,176.0529327392578
2023-08-10,AAPL,175.83558654785156
2023-08-11,AAPL,175.89492797851562
2023-08-14,AAPL,177.547119140625
2023-08-15,AAPL,175.5585479736328
2023-08-16,AAPL,174.68795776367188
2023-08-17,AAPL,172.14532470703125
2023-08-18,AAPL,172.63009643554688
2023-08-21,AAPL,173.96571350097656
2023-08-22,AAPL,175.3408966064453
2023-08-23,AAPL,179.18943786621094
2023-08-24,AAPL,174.49996948242188
2023-08-25,AAPL,176.7062225341797
2023-08-28,AAPL,178.26934814453125
2023-08-29,AAPL,182.15745544433594
2023-08-30,AAPL,185.6498260498047
2023-08-31,AAPL,185.86749267578125
2023-09-01,AAPL,187.44056701660156
2023-09-05,AAPL,187.67799377441406
2023-09-06,AAPL,180.9603729248047
2023-09-07,AAPL,175.66738891601562
2023-09-08,AAPL,176.28077697753906
2023-09-11,AAPL,177.44821166992188
2023-09-12,AAPL,174.4208221435547
2023-09-13,AAPL,172.35308837890625
2023-09-14,AAPL,173.86680603027344
2023-09-15,AAPL,173.14456176757812
2023-09-18,AAPL,176.07302856445312
2023-09-19,AAPL,177.16128540039062
2023-09-20,AAPL,173.6194305419922
2023-09-21,AAPL,172.07608032226562
2023-09-22,AAPL,172.9269256591797
2023-09-25,AAPL,174.20314025878906
2023-09-26,AAPL,170.1270751953125
2023-09-27,AAPL,168.6133575439453
2023-09-28,AAPL,168.87062072753906
2023-09-29,AAPL,169.3850860595703
2023-10-02,AAPL,171.8979949951172
2023-10-03,AAPL,170.5623779296875
2023-10-04,AAPL,171.80894470214844
2023-10-05,AAPL,173.04563903808594
2023-10-06,AAPL,175.59814453125
2023-10-09,AAPL,177.0821533203125
2023-10-10,AAPL,176.48854064941406
2023-10-11,AAPL,177.8834991455078
2023-10-12,AAPL,178.78382873535156
2023-10-13,AAPL,176.9436492919922
2023-10-16,AAPL,176.8150177001953
2023-10-17,AAPL,175.26174926757812
2023-10-18,AAPL,173.96571350097656
2023-10-19,AAPL,173.5897979736328
2023-10-20,AAPL,171.03726196289062
2023-10-23,AAPL,171.15599060058594
2023-10-24,AAPL,171.59132385253906
2023-10-25,AAPL,169.2762451171875
2023-10-26,AAPL,165.11111450195312
2023-10-27,AAPL,166.4269256591797
2023-10-30,AAPL,168.47486877441406
2023-10-31,AAPL,168.94976806640625
2023-11-01,AAPL,172.11563110351562
2023-11-02,AAPL,175.6772918701172
2023-11-03,AAPL,174.76707458496094
2023-11-06,AAPL,177.31956481933594
2023-11-07,AAPL,179.88198852539062
2023-11-08,AAPL,180.94058227539062
2023-11-09,AAPL,180.46568298339844
2023-11-10,AAPL,184.65611267089844
2023-11-13,AAPL,183.07107543945312
2023-11-14,AAPL,185.6864013671875
2023-11-15,AAPL,186.2510528564453
2023-11-16,AAPL,187.93516540527344
2023-11-17,AAPL,187.9153289794922
2023-11-20,AAPL,189.6588897705078
2023-11-21,AAPL,188.85646057128906
2023-11-22,AAPL,189.52020263671875
2023-11-24,AAPL,188.1927490234375
2023-11-27,AAPL,188.014404296875
2023-11-28,AAPL,188.6186981201172
2023-11-29,AAPL,187.59835815429688
2023-11-30,AAPL,188.17291259765625
2023-12-01,AAPL,189.4508514404297
2023-12-04,AAPL,187.6577606201172
2023-12-05,AAPL,191.6104278564453
2023-12-06,AAPL,190.52073669433594
2023-12-07,AAPL,192.45249938964844
2023-12-08,AAPL,193.8790283203125
2023-12-11,AAPL,191.37269592285156
2023-12-12,AAPL,192.88836669921875
2023-12-13,AAPL,196.10797119140625
2023-12-14,AAPL,196.25653076171875
2023-12-15,AAPL,195.7216339111328
2023-12-18,AAPL,194.05731201171875
2023-12-19,AAPL,195.0975341796875
2023-12-20,AAPL,193.0072479248047
2023-12-21,AAPL,192.858642578125
2023-12-22,AAPL,191.7887725830078
2023-12-26,AAPL,191.24392700195312
2023-12-27,AAPL,191.34295654296875
2023-12-28,AAPL,191.76893615722656
2023-12-29,AAPL,190.728759765625
2024-01-02,AAPL,183.90321350097656
2024-01-03,AAPL,182.52622985839844
2024-01-04,AAPL,180.2081298828125
2024-01-05,AAPL,179.48495483398438
2024-01-08,AAPL,183.823974609375
2024-01-09,AAPL,183.4079132080078
2024-01-10,AAPL,184.44805908203125
2024-01-11,AAPL,183.8536834716797
2024-01-12,AAPL,184.1805877685547
2024-01-16,AAPL,181.9120330810547
2024-01-17,AAPL,180.97093200683594
2024-01-18,AAPL,186.86524963378906
2024-01-19,AAPL,189.76783752441406
2024-01-22,AAPL,192.07606506347656
2024-01-23,AAPL,193.3539581298828
2024-01-24,AAPL,192.6803436279297
2024-01-25,AAPL,192.3534393310547
2024-01-26,AAPL,190.61981201171875
2024-01-29,AAPL,189.9362335205078
2024-01-30,AAPL,186.28079223632812
2024-01-31,AAPL,182.67483520507812
2024-02-01,AAPL,185.11181640625
2024-02-02,AAPL,184.11126708984375
2024-02-05,AAPL,185.9241485595703
2024-02-06,AAPL,187.5290069580078
2024-02-07,AAPL,187.63795471191406
2024-02-08,AAPL,186.55816650390625
2024-02-09,AAPL,187.3219451904297
2024-02-12,AAPL,185.6356658935547
2024-02-13,AAPL,183.54275512695312
2024-02-14,AAPL,182.6599578857422
2024-02-15,AAPL,182.37228393554688
2024-02-16,AAPL,180.8348388671875
2024-02-20,AAPL,180.09091186523438
2024-02-21,AAPL,180.8447723388672
2024-02-22,AAPL,182.878173828125
2024-02-23,AAPL,181.04315185546875
2024-02-26,AAPL,179.69415283203125
2024-02-27,AAPL,181.15225219726562
2024-02-28,AAPL,179.95205688476562
2024-02-29,AAPL,179.2874755859375
2024-03-01,AAPL,178.206298828125
2024-03-04,AAPL,173.68316650390625
2024-03-05,AAPL,168.7434844970703
2024-03-06,AAPL,167.75157165527344
2024-03-07,AAPL,167.6325225830078
2024-03-08,AAPL,169.34854125976562
2024-03-11,AAPL,171.3521728515625
2024-03-12,AAPL,171.82830810546875
2024-03-13,AAPL,169.74530029296875
2024-03-14,AAPL,171.60015869140625
2024-03-15,AAPL,171.22323608398438
2024-03-18,AAPL,172.31434631347656
2024-03-19,AAPL,174.65525817871094
2024-03-20,AAPL,177.2242889404297
2024-03-21,AAPL,169.9833526611328
2024-03-22,AAPL,170.88601684570312
2024-03-25,AAPL,169.46759033203125
2024-03-26,AAPL,168.3367919921875
2024-03-27,AAPL,171.90765380859375
2024-03-28,AAPL,170.09246826171875
2024-04-01,AAPL,168.65420532226562
2024-04-02,AAPL,167.4738311767578
2024-04-03,AAPL,168.27728271484375
2024-04-04,AAPL,167.4539794921875
2024-04-05,AAPL,168.2078399658203
2024-04-08,AAPL,167.0869903564453
2024-04-09,AAPL,168.29708862304688
2024-04-10,AAPL,166.42239379882812
2024-04-11,AAPL,173.6236572265625
2024-04-12,AAPL,175.12144470214844
2024-04-15,AAPL,171.29266357421875
2024-04-16,AAPL,168.00946044921875
2024-04-17,AAPL,166.640625
2024-04-18,AAPL,165.68838500976562
2024-04-19,AAPL,163.66490173339844
2024-04-22,AAPL,164.4980926513672
2024-04-23,AAPL,165.5495147705078
2024-04-24,AAPL,167.6523895263672
2024-04-25,AAPL,168.51535034179688
2024-04-26,AAPL,167.93011474609375
2024-04-29,AAPL,172.09613037109375
2024-04-30,AAPL,168.95179748535156
2024-05-01,AAPL,167.93011474609375
2024-05-02,AAPL,171.62989807128906
2024-05-03,AAPL,181.8961944580078
2024-05-06,AAPL,180.23968505859375
2024-05-07,AAPL,180.92408752441406
2024-05-08,AAPL,181.26138305664062
2024-05-09,AAPL,183.0765838623047
2024-05-10,AAPL,181.8151397705078
2024-05-13,AAPL,185.02333068847656
2024-05-14,AAPL,186.16555786132812
2024-05-15,AAPL,188.44012451171875
2024-05-16,AAPL,188.559326171875
2024-05-17,AAPL,188.58909606933594
2024-05-20,AAPL,189.75120544433594
2024-05-21,AAPL,191.05239868164062
2024-05-22,AAPL,189.61215209960938
2024-05-23,AAPL,185.61927795410156
2024-05-24,AAPL,188.6983642578125
2024-05-28,AAPL,188.70831298828125
2024-05-29,AAPL,189.0062713623047
2024-05-30,AAPL,189.99952697753906
2024-05-31,AAPL,190.95306396484375
2024-06-03,AAPL,192.72105407714844
2024-06-04,AAPL,193.03887939453125
2024-06-05,AAPL,194.5486297607422
2024-06-06,AAPL,193.16802978515625
2024-06-07,AAPL,195.56175231933594
2024-06-10,AAPL,191.8171844482422
2024-06-11,AAPL,205.75253295898438
2024-06-12,AAPL,211.63259887695312
2024-06-13,AAPL,212.79470825195312
2024-06-14,AAPL,211.0565185546875
2024-06-17,AAPL,215.2083282470703
2024-06-18,AAPL,212.84437561035156
2024-06-20,AAPL,208.2654571533203
2024-06-21,AAPL,206.09024047851562
2024-06-24,AAPL,206.73587036132812
2024-06-25,AAPL,207.65960693359375
2024-06-26,AAPL,211.8114013671875
2024-06-27,AAPL,212.65567016601562
2024-06-28,AAPL,209.19911193847656
2024-07-01,AAPL,215.28778076171875
2024-07-02,AAPL,218.78402709960938
2024-07-03,AAPL,220.05538940429688
2024-07-05,AAPL,224.81307983398438
2024-07-08,AAPL,226.28311157226562
2024-07-09,AAPL,227.1372833251953
2024-07-10,AAPL,231.40829467773438
2024-07-11,AAPL,226.0347900390625
2024-07-12,AAPL,228.98475646972656
2024-07-15,AAPL,232.81871032714844
2024-07-16,AAPL,233.2358856201172
2024-07-17,AAPL,227.33595275878906
2024-07-18,AAPL,222.66763305664062
2024-07-19,AAPL,222.79676818847656
2024-07-22,AAPL,222.4491424560547
2024-07-23,AAPL,223.49205017089844
2024-07-24,AAPL,217.06570434570312
2024-07-25,AAPL,216.0227813720703
2024-07-26,AAPL,216.4896240234375
2024-07-29,AAPL,216.76771545410156
2024-07-30,AAPL,217.32394409179688
2024-07-31,AAPL,220.58181762695312
2024-08-01,AAPL,216.8869171142578
2024-08-02,AAPL,218.3767852783203
2024-08-05,AAPL,207.85824584960938
2024-08-06,AAPL,205.8319854736328
2024-08-07,AAPL,208.40452575683594
2024-08-08,AAPL,211.87098693847656
2024-08-09,AAPL,214.78123474121094
2024-08-12,AAPL,216.31259155273438
2024-08-13,AAPL,220.03167724609375
2024-08-14,AAPL,220.4791717529297
2024-08-15,AAPL,223.46237182617188
2024-08-16,AAPL,224.784912109375
2024-08-19,AAPL,224.62582397460938
2024-08-20,AAPL,225.24234008789062
2024-08-21,AAPL,225.13294982910156
2024-08-22,AAPL,223.27342224121094
2024-08-23,AAPL,225.57049560546875
2024-08-26,AAPL,225.90859985351562
2024-08-27,AAPL,226.75384521484375
2024-08-28,AAPL,225.22247314453125
2024-08-29,AAPL,228.5039825439453
2024-08-30,AAPL,227.7184295654297
2024-09-03,AAPL,221.52328491210938
2024-09-04,AAPL,219.61402893066406
2024-09-05,AAPL,221.13548278808594
2024-09-06,AAPL,219.58419799804688
2024-09-09,AAPL,219.6737060546875
2024-09-10,AAPL,218.87815856933594
2024-09-11,AAPL,221.4138946533203
2024-09-12,AAPL,221.52328491210938
2024-09-13,AAPL,221.25479125976562
2024-09-16,AAPL,215.10939025878906
2024-09-17,AAPL,215.57672119140625
2024-09-18,AAPL,219.45492553710938
2024-09-19,AAPL,227.58914184570312
2024-09-20,AAPL,226.92288208007812
2024-09-23,AAPL,225.20257568359375
2024-09-24,AAPL,226.09751892089844
2024-09-25,AAPL,225.10311889648438
2024-09-26,AAPL,226.2467041015625
2024-09-27,AAPL,226.5151824951172
2024-09-30,AAPL,231.696044921875
2024-10-01,AAPL,224.9440460205078
2024-10-02,AAPL,225.51084899902344
2024-10-03,AAPL,224.40704345703125
2024-10-04,AAPL,225.53073120117188
2024-10-07,AAPL,220.4493408203125
2024-10-08,AAPL,224.50648498535156
2024-10-09,AAPL,228.25538635253906
2024-10-10,AAPL,227.75819396972656
2024-10-11,AAPL,226.27655029296875
2024-10-14,AAPL,230.00555419921875
2024-10-15,AAPL,232.54129028320312
2024-10-16,AAPL,230.4828643798828
2024-10-17,AAPL,230.8507843017578
2024-10-18,AAPL,233.68484497070312
2024-10-21,AAPL,235.15655517578125
2024-10-22,AAPL,234.54000854492188
2024-10-23,AAPL,229.46856689453125
2024-10-24,AAPL,229.27963256835938
2024-10-25,AAPL,230.11492919921875
2024-10-28,AAPL,232.09378051757812
2024-10-29,AAPL,232.36228942871094
2024-10-30,AAPL,228.812255859375
2024-10-31,AAPL,224.64569091796875
2024-11-01,AAPL,221.66249084472656
2024-11-04,AAPL,220.76751708984375
2024-11-05,AAPL,222.19947814941406
2024-11-06,AAPL,221.4735565185547
2024-11-07,AAPL,226.20692443847656
2024-11-08,AAPL,225.93812561035156
2024-11-11,AAPL,223.22042846679688
2024-11-12,AAPL,223.22042846679688
2024-11-13,AAPL,224.10641479492188
2024-11-14,AAPL,227.1924591064453
2024-11-15,AAPL,223.98695373535156
2024-11-18,AAPL,226.99337768554688
2024-11-19,AAPL,227.25218200683594
2024-11-20,AAPL,227.96896362304688
2024-11-21,AAPL,227.4911346435547
2024-11-22,AAPL,228.83502197265625
2024-11-25,AAPL,231.82151794433594
2024-11-26,AAPL,234.00167846679688
2024-11-27,AAPL,233.8722381591797
2024-11-29,AAPL,236.26144409179688
2024-12-02,AAPL,238.5112762451172
2024-12-03,AAPL,241.5574951171875
2024-12-04,AAPL,241.91587829589844
2024-12-05,AAPL,241.9457244873047
2024-12-06,AAPL,241.74664306640625
2024-12-09,AAPL,245.63902282714844
2024-12-10,AAPL,246.65443420410156
2024-12-11,AAPL,245.38021850585938
2024-12-12,AAPL,246.84359741210938
2024-12-13,AAPL,247.0128173828125
2024-12-16,AAPL,249.9097137451172
2024-12-17,AAPL,252.33872985839844
2024-12-18,AAPL,246.9331817626953
2024-12-19,AAPL,248.6653289794922
2024-12-20,AAPL,253.34417724609375
2024-12-23,AAPL,254.1206817626953
2024-12-24,AAPL,257.0374755859375
2024-12-26,AAPL,257.853759765625
2024-12-27,AAPL,254.439208984375
2024-12-30,AAPL,251.06448364257812
2024-12-31,AAPL,249.29251098632812
2025-01-02,AAPL,242.75210571289062
2025-01-03,AAPL,242.26429748535156
2025-01-06,AAPL,243.89691162109375
2025-01-07,AAPL,241.11947631835938
2025-01-08,AAPL,241.60726928710938
2025-01-10,AAPL,235.78359985351562
2025-01-13,AAPL,233.34463500976562
2025-01-14,AAPL,232.2296905517578
2025-01-15,AAPL,236.79901123046875
2025-01-16,AAPL,227.23228454589844
2025-01-17,AAPL,228.9445343017578
2025-01-21,AAPL,221.6375732421875
2025-01-22,AAPL,222.8222198486328
2025-01-23,AAPL,222.65301513671875
2025-01-24,AAPL,221.77694702148438
2025-01-27,AAPL,228.82508850097656
2025-01-28,AAPL,237.187255859375
2025-01-29,AAPL,238.28228759765625
2025-01-30,AAPL,236.52027893066406
2025-01-31,AAPL,234.9374237060547
2025-02-03,AAPL,226.9833984375
2025-02-04,AAPL,231.75184631347656
2025-02-05,AAPL,231.42332458496094
2025-02-06,AAPL,232.16995239257812
2025-02-07,AAPL,226.60513305664062
2025-02-10,AAPL,226.8741912841797
2025-02-11,AAPL,231.8272705078125
2025-02-12,AAPL,236.06277465820312
2025-02-13,AAPL,240.70689392089844
2025-02-14,AAPL,243.76644897460938
2025-02-18,AAPL,243.6368865966797
2025-02-19,AAPL,244.03550720214844
2025-02-20,AAPL,244.99224853515625
2025-02-21,AAPL,244.71319580078125
2025-02-24,AAPL,246.25791931152344
2025-02-25,AAPL,246.1981201171875
2025-02-26,AAPL,239.5408935546875
2025-02-27,AAPL,236.49131774902344
2025-02-28,AAPL,241.01583862304688
2025-03-03,AAPL,237.2188262939453
2025-03-04,AAPL,235.1259765625
2025-03-05,AAPL,234.93663024902344
2025-03-06,AAPL,234.52804565429688
2025-03-07,AAPL,238.2552947998047
2025-03-10,AAPL,226.70477294921875
2025-03-11,AAPL,220.08740234375
2025-03-12,AAPL,216.2405548095703
2025-03-13,AAPL,208.96542358398438
2025-03-14,AAPL,212.762451171875
2025-03-17,AAPL,213.2707061767578
2025-03-18,AAPL,211.96519470214844
2025-03-19,AAPL,214.50648498535156
2025-03-20,AAPL,213.37039184570312
2025-03-21,AAPL,217.5261688232422
2025-03-24,AAPL,219.97776794433594
2025-03-25,AAPL,222.98748779296875
2025-03-26,AAPL,220.77505493164062
2025-03-27,AAPL,223.08717346191406
2025-03-28,AAPL,217.1574249267578
2025-03-31,AAPL,221.37301635742188
2025-04-01,AAPL,222.4293975830078
2025-04-02,AAPL,223.12701416015625
2025-04-03,AAPL,202.49754333496094
2025-04-04,AAPL,187.738037109375
2025-04-07,AAPL,180.84161376953125
2025-04-08,AAPL,171.83241271972656
2025-04-09,AAPL,198.17236328125
2025-04-10,AAPL,189.7710723876953
2025-04-11,AAPL,197.4747314453125
2025-04-14,AAPL,201.82984924316406
2025-04-15,AAPL,201.4511260986328
2025-04-16,AAPL,193.6079559326172
2025-04-17,AAPL,196.3087158203125
2025-04-21,AAPL,192.50173950195312
2025-04-22,AAPL,199.059326171875
2025-04-23,AAPL,203.9027557373047
2025-04-24,AAPL,207.659912109375
2025-04-25,AAPL,208.56680297851562
2025-04-28,AAPL,209.4238739013672
2025-04-29,AAPL,210.490234375
2025-04-30,AAPL,211.7758331298828
2025-05-01,AAPL,212.59304809570312
2025-05-02,AAPL,204.6501922607422
2025-05-05,AAPL,198.21221923828125
2025-05-06,AAPL,197.83349609375
2025-05-07,AAPL,195.58120727539062
2025-05-08,AAPL,196.81698608398438
2025-05-09,AAPL,197.8534393310547
2025-05-12,AAPL,210.34713745117188
2025-05-13,AAPL,212.48263549804688
2025-05-14,AAPL,211.88389587402344
2025-05-15,AAPL,211.00575256347656
2025-05-16,AAPL,210.81614685058594
2025-05-19,AAPL,208.3413543701172
2025-05-20,AAPL,206.42539978027344
2025-05-21,AAPL,201.6654052734375
2025-05-22,AAPL,200.9369354248047
2025-05-23,AAPL,194.85975646972656
2025-05-27,AAPL,199.78936767578125
2025-05-28,AAPL,199.99891662597656
2025-05-29,AAPL,199.5299072265625
2025-05-30,AAPL,200.4280242919922
2025-06-02,AAPL,201.27622985839844
2025-06-03,AAPL,202.84292602539062
2025-06-04,AAPL,202.39389038085938
2025-06-05,AAPL,200.20849609375
2025-06-06,AAPL,203.49156188964844
2025-06-09,AAPL,201.02676391601562
2025-06-10,AAPL,202.2441864013672
2025-06-11,AAPL,198.36236572265625
2025-06-12,AAPL,198.78147888183594
2025-06-13,AAPL,196.03726196289062
2025-06-16,AAPL,198.0031280517578
2025-06-17,AAPL,195.2289581298828
2025-06-18,AAPL,196.16697692871094
2025-06-20,AAPL,200.57769775390625
2025-06-23,AAPL,201.07666015625
2025-06-24,AAPL,199.87918090820312
2025-06-25,AAPL,201.13653564453125
2025-06-26,AAPL,200.57769775390625
2025-06-27,AAPL,200.65753173828125
2025-06-30,AAPL,204.7389373779297
2025-07-01,AAPL,207.3833770751953
2025-07-02,AAPL,211.99366760253906
2025-07-03,AAPL,213.10134887695312
2025-07-07,AAPL,209.50889587402344
2025-07-08,AAPL,209.5687713623047
2025-07-09,AAPL,210.69639587402344
2025-07-10,AAPL,211.96372985839844
2025-07-11,AAPL,210.7163543701172
2025-07-14,AAPL,208.1816864013672
2025-07-15,AAPL,208.67066955566406
2025-07-16,AAPL,209.71847534179688
2025-07-17,AAPL,209.57875061035156
2025-07-18,AAPL,210.73631286621094
2025-07-21,AAPL,212.0335693359375
2025-07-22,AAPL,213.94955444335938
2025-07-23,AAPL,213.7000732421875
2025-07-24,AAPL,213.31088256835938
2025-07-25,AAPL,213.43064880371094
2025-07-28,AAPL,213.6002960205078
2025-07-29,AAPL,210.8261260986328
2025-07-30,AAPL,208.6107940673828
2025-07-31,AAPL,207.1339111328125
2025-08-01,AAPL,201.95481872558594
2025-08-04,AAPL,202.9227752685547
2025-08-05,AAPL,202.49366760253906
2025-08-06,AAPL,212.80197143554688
2025-08-07,AAPL,219.56771850585938
2025-08-08,AAPL,228.86814880371094
2025-08-11,AAPL,226.95997619628906
2025-08-12,AAPL,229.42758178710938
2025-08-13,AAPL,233.10403442382812
2025-08-14,AAPL,232.5545654296875
2025-08-15,AAPL,231.36570739746094
2025-08-18,AAPL,230.66639709472656
2025-08-19,AAPL,230.3367156982422
2025-08-20,AAPL,225.79110717773438
2025-08-21,AAPL,224.68218994140625
2025-08-22,AAPL,227.53941345214844
2025-08-25,AAPL,226.94000244140625
2025-08-26,AAPL,229.08792114257812
2025-08-27,AAPL,230.26678466796875
2025-08-28,AAPL,232.33477783203125
2025-08-29,AAPL,231.91517639160156
2025-09-02,AAPL,229.49752807617188
2025-09-03,AAPL,238.2390594482422
2025-09-04,AAPL,239.5477752685547
2025-09-05,AAPL,239.45787048339844
2025-09-08,AAPL,237.64962768554688
2025-09-09,AAPL,234.123046875
2025-09-10,AAPL,226.5703582763672
2025-09-11,AAPL,229.80722045898438
2025-09-12,AAPL,233.84332275390625
2025-09-15,AAPL,236.47076416015625
2025-09-16,AAPL,237.9193572998047
2025-09-17,AAPL,238.75856018066406
2025-09-18,AAPL,237.64962768554688
2025-09-19,AAPL,245.26223754882812
2025-09-22,AAPL,255.8319854736328
2025-09-23,AAPL,254.18359375
2025-09-24,AAPL,252.06564331054688
2025-09-25,AAPL,256.6212158203125
2025-09-26,AAPL,255.2126007080078
2025-09-29,AAPL,254.18359375
2025-09-30,AAPL,254.38340759277344
2025-10-01,AAPL,255.20260620117188
2025-10-02,AAPL,256.8809814453125
2025-10-03,AAPL,257.7701110839844
2025-10-06,AAPL,256.44140625
2025-10-07,AAPL,256.23162841796875
2025-10-08,AAPL,257.8100891113281
2025-10-09,AAPL,253.79396057128906
2025-10-10,AAPL,245.032470703125
2025-10-13,AAPL,247.42015075683594
2025-10-14,AAPL,247.53004455566406
2025-10-15,AAPL,249.09852600097656
2025-10-16,AAPL,247.21035766601562
2025-10-17,AAPL,252.045654296875
2025-10-20,AAPL,261.98602294921875
2025-10-21,AAPL,262.5155029296875
2025-10-22,AAPL,258.19970703125
2025-10-23,AAPL,259.3285827636719
2025-10-24,AAPL,262.56549072265625
2025-10-27,AAPL,268.5496520996094
2025-10-28,AAPL,268.7394714355469
2025-10-29,AAPL,269.4388122558594
2025-10-30,AAPL,271.13714599609375
2025-10-31,AAPL,270.108154296875
2025-11-03,AAPL,268.7894287109375
2025-11-04,AAPL,269.7784729003906
2025-11-05,AAPL,269.8783874511719
2025-11-06,AAPL,269.50872802734375
2025-11-07,AAPL,268.2099914550781
2025-11-10,AAPL,269.42999267578125
2025-11-11,AAPL,275.25
2025-11-12,AAPL,273.4700012207031
2025-11-13,AAPL,272.95001220703125
2025-11-14,AAPL,272.4100036621094
2025-11-17,AAPL,267.4599914550781
2025-11-18,AAPL,267.44000244140625
2025-11-19,AAPL,268.55999755859375
2025-11-20,AAPL,266.25
2025-11-21,AAPL,271.489990234375
2025-11-24,AAPL,275.9200134277344
2025-11-25,AAPL,276.9700012207031
2025-11-26,AAPL,277.54998779296875
2025-11-28,AAPL,278.8500061035156
2025-12-01,AAPL,283.1000061035156
2025-12-02,AAPL,286.19000244140625
2025-12-03,AAPL,284.1499938964844
2025-12-04,AAPL,280.70001220703125
2025-12-05,AAPL,278.7799987792969
2025-12-08,AAPL,277.8900146484375
2025-12-09,AAPL,277.17999267578125
2025-12-10,AAPL,278.7799987792969
2025-12-11,AAPL,278.0299987792969
2025-12-12,AAPL,278.2799987792969
2025-12-15,AAPL,274.1099853515625
2025-12-16,AAPL,274.6099853515625
2025-12-17,AAPL,271.8399963378906
2025-12-18,AAPL,272.19000244140625
2025-12-19,AAPL,273.6700134277344
2025-12-22,AAPL,270.9700012207031
2025-12-23,AAPL,272.3599853515625
2025-12-24,AAPL,273.80999755859375
2025-12-26,AAPL,273.3999938964844
2025-12-29,AAPL,273.760009765625
2025-12-30,AAPL,273.0799865722656
2025-12-31,AAPL,271.8599853515625
2026-01-02,AAPL,271.010009765625
2023-01-03,SPY,366.069091796875
2023-01-04,SPY,368.8951721191406
2023-01-05,SPY,364.68487548828125
2023-01-06,SPY,373.0478515625
2023-01-09,SPY,372.8363342285156
2023-01-10,SPY,375.45098876953125
2023-01-11,SPY,380.1996765136719
2023-01-12,SPY,381.5838928222656
2023-01-13,SPY,383.064208984375
2023-01-17,SPY,382.36248779296875
2023-01-18,SPY,376.3257751464844
2023-01-19,SPY,373.586181640625
2023-01-20,SPY,380.5457458496094
2023-01-23,SPY,385.11175537109375
2023-01-24,SPY,384.6983642578125
2023-01-25,SPY,384.8425598144531
2023-01-26,SPY,389.0721435546875
2023-01-27,SPY,389.9660949707031
2023-01-30,SPY,385.0732727050781
2023-01-31,SPY,390.73516845703125
2023-02-01,SPY,394.8878173828125
2023-02-02,SPY,400.63616943359375
2023-02-03,SPY,396.3778076171875
2023-02-06,SPY,393.95538330078125
2023-02-07,SPY,399.10772705078125
2023-02-08,SPY,394.7435607910156
2023-02-09,SPY,391.3215026855469
2023-02-10,SPY,392.2347106933594
2023-02-13,SPY,396.83917236328125
2023-02-14,SPY,396.656494140625
2023-02-15,SPY,397.94464111328125
2023-02-16,SPY,392.46539306640625
2023-02-17,SPY,391.4849548339844
2023-02-21,SPY,383.63134765625
2023-02-22,SPY,383.1026916503906
2023-02-23,SPY,385.1405944824219
2023-02-24,SPY,381.0263671875
2023-02-27,SPY,382.3241271972656
2023-02-28,SPY,380.9110107421875
2023-03-01,SPY,379.4498596191406
2023-03-02,SPY,382.4010009765625
2023-03-03,SPY,388.5338134765625
2023-03-06,SPY,388.80303955078125
2023-03-07,SPY,382.8431701660156
2023-03-08,SPY,383.4679870605469
2023-03-09,SPY,376.39306640625
2023-03-10,SPY,370.9619445800781
2023-03-13,SPY,370.4331970214844
2023-03-14,SPY,376.55645751953125
2023-03-15,SPY,374.201416015625
2023-03-16,SPY,380.76678466796875
2023-03-17,SPY,376.31463623046875
2023-03-20,SPY,379.93310546875
2023-03-21,SPY,384.92181396484375
2023-03-22,SPY,378.36029052734375
2023-03-23,SPY,379.3831481933594
2023-03-24,SPY,381.8726501464844
2023-03-27,SPY,382.586669921875
2023-03-28,SPY,381.7279052734375
2023-03-29,SPY,387.2762451171875
2023-03-30,SPY,389.54388427734375
2023-03-31,SPY,395.0343322753906
2023-04-03,SPY,396.5396423339844
2023-04-04,SPY,394.3396301269531
2023-04-05,SPY,393.3070983886719
2023-04-06,SPY,394.8413391113281
2023-04-10,SPY,395.24658203125
2023-04-11,SPY,395.3528137207031
2023-04-12,SPY,393.7413024902344
2023-04-13,SPY,398.9713134765625
2023-04-14,SPY,397.99664306640625
2023-04-17,SPY,399.4247741699219
2023-04-18,SPY,399.6853332519531
2023-04-19,SPY,399.6177673339844
2023-04-20,SPY,397.4370422363281
2023-04-21,SPY,397.7458190917969
2023-04-24,SPY,398.16070556640625
2023-04-25,SPY,391.8404235839844
2023-04-26,SPY,390.1807556152344
2023-04-27,SPY,397.9484558105469
2023-04-28,SPY,401.344970703125
2023-05-01,SPY,400.9397277832031
2023-05-02,SPY,396.4334411621094
2023-05-03,SPY,393.71240234375
2023-05-04,SPY,390.9237365722656
2023-05-05,SPY,398.16070556640625
2023-05-08,SPY,398.2668762207031
2023-05-09,SPY,396.5203552246094
2023-05-10,SPY,398.3730163574219
2023-05-11,SPY,397.67828369140625
2023-05-12,SPY,397.15716552734375
2023-05-15,SPY,398.52740478515625
2023-05-16,SPY,395.8641357421875
2023-05-17,SPY,400.6695861816406
2023-05-18,SPY,404.529296875
2023-05-19,SPY,403.9407043457031
2023-05-22,SPY,404.1047058105469
2023-05-23,SPY,399.56951904296875
2023-05-24,SPY,396.67474365234375
2023-05-25,SPY,400.1098937988281
2023-05-26,SPY,405.29156494140625
2023-05-30,SPY,405.44598388671875
2023-05-31,SPY,403.19769287109375
2023-06-01,SPY,407.0284729003906
2023-06-02,SPY,412.91461181640625
2023-06-05,SPY,412.1233215332031
2023-06-06,SPY,413.02069091796875
2023-06-07,SPY,411.59259033203125
2023-06-08,SPY,414.0821533203125
2023-06-09,SPY,414.82513427734375
2023-06-12,SPY,418.5883483886719
2023-06-13,SPY,421.34808349609375
2023-06-14,SPY,421.8498229980469
2023-06-15,SPY,427.0798034667969
2023-06-16,SPY,425.62506103515625
2023-06-20,SPY,423.4168701171875
2023-06-21,SPY,421.2473449707031
2023-06-22,SPY,422.7679748535156
2023-06-23,SPY,419.57183837890625
2023-06-26,SPY,417.85760498046875
2023-06-27,SPY,422.43865966796875
2023-06-28,SPY,422.6517639160156
2023-06-29,SPY,424.31756591796875
2023-06-30,SPY,429.3248291015625
2023-07-03,SPY,429.8187255859375
2023-07-05,SPY,429.1795654296875
2023-07-06,SPY,425.8188171386719
2023-07-07,SPY,424.7437438964844
2023-07-10,SPY,425.8188171386719
2023-07-11,SPY,428.5306091308594
2023-07-12,SPY,431.9785461425781
2023-07-13,SPY,435.4071350097656
2023-07-14,SPY,435.1358947753906
2023-07-17,SPY,436.6468505859375
2023-07-18,SPY,439.891357421875
2023-07-19,SPY,440.8695983886719
2023-07-20,SPY,437.944580078125
2023-07-21,SPY,437.944580078125
2023-07-24,SPY,439.90106201171875
2023-07-25,SPY,441.1020202636719
2023-07-26,SPY,441.16986083984375
2023-07-27,SPY,438.2449035644531
2023-07-28,SPY,442.53546142578125
2023-07-31,SPY,443.3780517578125
2023-08-01,SPY,442.1092529296875
2023-08-02,SPY,435.95916748046875
2023-08-03,SPY,434.70977783203125
2023-08-04,SPY,432.7436828613281
2023-08-07,SPY,436.52093505859375
2023-08-08,SPY,434.6225891113281
2023-08-09,SPY,431.7170715332031
2023-08-10,SPY,431.87200927734375
2023-08-11,SPY,431.6202087402344
2023-08-14,SPY,434.00274658203125
2023-08-15,SPY,428.94708251953125
2023-08-16,SPY,425.7995300292969
2023-08-17,SPY,422.554931640625
2023-08-18,SPY,422.75823974609375
2023-08-21,SPY,425.50885009765625
2023-08-22,SPY,424.3563232421875
2023-08-23,SPY,429.0827331542969
2023-08-24,SPY,423.1360168457031
2023-08-25,SPY,426.1190490722656
2023-08-28,SPY,428.8211975097656
2023-08-29,SPY,435.0197448730469
2023-08-30,SPY,436.8114929199219
2023-08-31,SPY,436.1722717285156
2023-09-01,SPY,436.98577880859375
2023-09-05,SPY,435.0971374511719
2023-09-06,SPY,432.1722412109375
2023-09-07,SPY,430.8453674316406
2023-09-08,SPY,431.4942932128906
2023-09-11,SPY,434.3320617675781
2023-09-12,SPY,431.94952392578125
2023-09-13,SPY,432.45318603515625
2023-09-14,SPY,436.18194580078125
2023-09-15,SPY,430.9266357421875
2023-09-18,SPY,431.17938232421875
2023-09-19,SPY,430.2851867675781
2023-09-20,SPY,426.32940673828125
2023-09-21,SPY,419.28289794921875
2023-09-22,SPY,418.34014892578125
2023-09-25,SPY,420.099365234375
2023-09-26,SPY,413.92755126953125
2023-09-27,SPY,414.0928039550781
2023-09-28,SPY,416.4934387207031
2023-09-29,SPY,415.482666015625
2023-10-02,SPY,415.3173828125
2023-10-03,SPY,409.7579650878906
2023-10-04,SPY,412.7418212890625
2023-10-05,SPY,412.5862731933594
2023-10-06,SPY,417.48480224609375
2023-10-09,SPY,420.1576232910156
2023-10-10,SPY,422.3444519042969
2023-10-11,SPY,424.07452392578125
2023-10-12,SPY,421.4892272949219
2023-10-13,SPY,419.3898010253906
2023-10-16,SPY,423.8023986816406
2023-10-17,SPY,423.782958984375
2023-10-18,SPY,418.1360168457031
2023-10-19,SPY,414.4620666503906
2023-10-20,SPY,409.3691101074219
2023-10-23,SPY,408.65960693359375
2023-10-24,SPY,411.74066162109375
2023-10-25,SPY,405.831298828125
2023-10-26,SPY,400.9716491699219
2023-10-27,SPY,399.15411376953125
2023-10-30,SPY,403.9263000488281
2023-10-31,SPY,406.4631042480469
2023-11-01,SPY,410.7978820800781
2023-11-02,SPY,418.67059326171875
2023-11-03,SPY,422.4903259277344
2023-11-06,SPY,423.4621887207031
2023-11-07,SPY,424.6673889160156
2023-11-08,SPY,424.97845458984375
2023-11-09,SPY,421.66412353515625
2023-11-10,SPY,428.2441101074219
2023-11-13,SPY,427.8359069824219
2023-11-14,SPY,436.13629150390625
2023-11-15,SPY,437.0595703125
2023-11-16,SPY,437.5941467285156
2023-11-17,SPY,438.138427734375
2023-11-20,SPY,441.5110778808594
2023-11-21,SPY,440.5487976074219
2023-11-22,SPY,442.2497253417969
2023-11-24,SPY,442.52178955078125
2023-11-27,SPY,441.724853515625
2023-11-28,SPY,442.1622314453125
2023-11-29,SPY,441.8511962890625
2023-11-30,SPY,443.59100341796875
2023-12-01,SPY,446.2152404785156
2023-12-04,SPY,443.87286376953125
2023-12-05,SPY,443.7853698730469
2023-12-06,SPY,441.9969787597656
2023-12-07,SPY,445.3696594238281
2023-12-08,SPY,447.2843322753906
2023-12-11,SPY,449.02410888671875
2023-12-12,SPY,451.0748596191406
2023-12-13,SPY,457.2951965332031
2023-12-14,SPY,458.7628479003906
2023-12-15,SPY,458.0075378417969
2023-12-18,SPY,460.5838928222656
2023-12-19,SPY,463.38458251953125
2023-12-20,SPY,456.96337890625
2023-12-21,SPY,461.29632568359375
2023-12-22,SPY,462.2233581542969
2023-12-26,SPY,464.175048828125
2023-12-27,SPY,465.01434326171875
2023-12-28,SPY,465.19000244140625
2023-12-29,SPY,463.8432922363281
2024-01-02,SPY,461.2474670410156
2024-01-03,SPY,457.48052978515625
2024-01-04,SPY,456.00701904296875
2024-01-05,SPY,456.631591796875
2024-01-08,SPY,463.1504821777344
2024-01-09,SPY,462.44781494140625
2024-01-10,SPY,465.0630798339844
2024-01-11,SPY,464.8582458496094
2024-01-12,SPY,465.18023681640625
2024-01-16,SPY,463.4724426269531
2024-01-17,SPY,460.8961486816406
2024-01-18,SPY,464.99481201171875
2024-01-19,SPY,470.7914733886719
2024-01-22,SPY,471.78692626953125
2024-01-23,SPY,473.1628723144531
2024-01-24,SPY,473.68011474609375
2024-01-25,SPY,476.2564392089844
2024-01-26,SPY,475.6513977050781
2024-01-29,SPY,479.418212890625
2024-01-30,SPY,479.04742431640625
2024-01-31,SPY,471.2306213378906
2024-02-01,SPY,477.3982238769531
2024-02-02,SPY,482.4239196777344
2024-02-05,SPY,480.6673889160156
2024-02-06,SPY,482.0628967285156
2024-02-07,SPY,486.08343505859375
2024-02-08,SPY,486.2981872558594
2024-02-09,SPY,489.10870361328125
2024-02-12,SPY,488.89398193359375
2024-02-13,SPY,482.1604309082031
2024-02-14,SPY,486.5421142578125
2024-02-15,SPY,489.8991394042969
2024-02-16,SPY,487.4595031738281
2024-02-20,SPY,484.7757873535156
2024-02-21,SPY,485.2149353027344
2024-02-22,SPY,495.2567138671875
2024-02-23,SPY,495.5982666015625
2024-02-26,SPY,493.7831115722656
2024-02-27,SPY,494.7004699707031
2024-02-28,SPY,494.0466003417969
2024-02-29,SPY,495.8227233886719
2024-03-01,SPY,500.47760009765625
2024-03-04,SPY,499.94085693359375
2024-03-05,SPY,494.9444580078125
2024-03-06,SPY,497.4524230957031
2024-03-07,SPY,502.3903503417969
2024-03-08,SPY,499.3749084472656
2024-03-11,SPY,498.94549560546875
2024-03-12,SPY,504.3128662109375
2024-03-13,SPY,503.5223083496094
2024-03-14,SPY,502.5269775390625
2024-03-15,SPY,499.0763854980469
2024-03-18,SPY,502.0423889160156
2024-03-19,SPY,504.8323669433594
2024-03-20,SPY,509.5016784667969
2024-03-21,SPY,511.1854553222656
2024-03-22,SPY,510.2163391113281
2024-03-25,SPY,508.8066101074219
2024-03-26,SPY,507.8669128417969
2024-03-27,SPY,512.13494873046875
2024-03-28,SPY,512.037109375
2024-04-01,SPY,511.1462707519531
2024-04-02,SPY,507.8963317871094
2024-04-03,SPY,508.4541931152344
2024-04-04,SPY,502.2480163574219
2024-04-05,SPY,507.4949645996094
2024-04-08,SPY,507.7787780761719
2024-04-09,SPY,508.3662414550781
2024-04-10,SPY,503.2758483886719
2024-04-11,SPY,507.0740051269531
2024-04-12,SPY,500.0748291015625
2024-04-15,SPY,493.8098449707031
2024-04-16,SPY,492.9091796875
2024-04-17,SPY,489.9920654296875
2024-04-18,SPY,488.9837646484375
2024-04-19,SPY,484.7157897949219
2024-04-22,SPY,489.1795959472656
2024-04-23,SPY,494.9844970703125
2024-04-24,SPY,494.74957275390625
2024-04-25,SPY,492.87005615234375
2024-04-26,SPY,497.5394592285156
2024-04-29,SPY,499.301513671875
2024-04-30,SPY,491.39190673828125
2024-05-01,SPY,489.7962951660156
2024-05-02,SPY,494.3775939941406
2024-05-03,SPY,500.50555419921875
2024-05-06,SPY,505.6741638183594
2024-05-07,SPY,506.2322082519531
2024-05-08,SPY,506.2811279296875
2024-05-09,SPY,509.1981506347656
2024-05-10,SPY,509.85406494140625
2024-05-13,SPY,509.9226379394531
2024-05-14,SPY,512.26214599609375
2024-05-15,SPY,518.60552978515625
2024-05-16,SPY,517.53851318359375
2024-05-17,SPY,518.28253173828125
2024-05-20,SPY,518.87969970703125
2024-05-21,SPY,520.15228271484375
2024-05-22,SPY,518.654541015625
2024-05-23,SPY,514.8660888671875
2024-05-24,SPY,518.272705078125
2024-05-28,SPY,518.63494873046875
2024-05-29,SPY,515.00311279296875
2024-05-30,SPY,511.5867004394531
2024-05-31,SPY,516.24639892578125
2024-06-03,SPY,516.66729736328125
2024-06-04,SPY,517.24493408203125
2024-06-05,SPY,523.39239501953125
2024-06-06,SPY,523.382568359375
2024-06-07,SPY,522.7464599609375
2024-06-10,SPY,524.36151123046875
2024-06-11,SPY,525.6243896484375
2024-06-12,SPY,529.9412841796875
2024-06-13,SPY,531.00823974609375
2024-06-14,SPY,531.3314208984375
2024-06-17,SPY,535.56024169921875
2024-06-18,SPY,536.9208984375
2024-06-20,SPY,535.46234130859375
2024-06-21,SPY,534.744384765625
2024-06-24,SPY,533.00616455078125
2024-06-25,SPY,535.0587158203125
2024-06-26,SPY,535.7265625
2024-06-27,SPY,536.5711669921875
2024-06-28,SPY,534.4595947265625
2024-07-01,SPY,535.5595703125
2024-07-02,SPY,539.163818359375
2024-07-03,SPY,541.56982421875
2024-07-05,SPY,544.69281005859375
2024-07-08,SPY,545.3212890625
2024-07-09,SPY,545.85162353515625
2024-07-10,SPY,551.25299072265625
2024-07-11,SPY,546.49969482421875
2024-07-12,SPY,549.94677734375
2024-07-15,SPY,551.459228515625
2024-07-16,SPY,554.7293701171875
2024-07-17,SPY,546.95159912109375
2024-07-18,SPY,542.748291015625
2024-07-19,SPY,539.14410400390625
2024-07-22,SPY,544.70269775390625
2024-07-23,SPY,543.84820556640625
2024-07-24,SPY,531.52325439453125
2024-07-25,SPY,528.75384521484375
2024-07-26,SPY,534.67578125
2024-07-29,SPY,534.989990234375
2024-07-30,SPY,532.27947998046875
2024-07-31,SPY,540.93145751953125
2024-08-01,SPY,533.27130126953125
2024-08-02,SPY,523.3426513671875
2024-08-05,SPY,508.1010437011719
2024-08-06,SPY,512.7855224609375
2024-08-07,SPY,509.35797119140625
2024-08-08,SPY,521.13299560546875
2024-08-09,SPY,523.4310302734375
2024-08-12,SPY,523.7060546875
2024-08-13,SPY,532.31878662109375
2024-08-14,SPY,533.99810791015625
2024-08-15,SPY,543.15087890625
2024-08-16,SPY,544.36871337890625
2024-08-19,SPY,549.57354736328125
2024-08-20,SPY,548.679931640625
2024-08-21,SPY,550.56549072265625
2024-08-22,SPY,546.24444580078125
2024-08-23,SPY,552.04840087890625
2024-08-26,SPY,550.73248291015625
2024-08-27,SPY,551.48870849609375
2024-08-28,SPY,548.287109375
2024-08-29,SPY,548.336181640625
2024-08-30,SPY,553.57061767578125
2024-09-03,SPY,542.1787109375
2024-09-04,SPY,541.06903076171875
2024-09-05,SPY,539.75299072265625
2024-09-06,SPY,530.66888427734375
2024-09-09,SPY,536.6103515625
2024-09-10,SPY,538.94769287109375
2024-09-11,SPY,544.47674560546875
2024-09-12,SPY,549.06304931640625
2024-09-13,SPY,551.93060302734375
2024-09-16,SPY,552.7457275390625
2024-09-17,SPY,552.97161865234375
2024-09-18,SPY,551.33160400390625
2024-09-19,SPY,560.73974609375
2024-09-20,SPY,559.77044677734375
2024-09-23,SPY,561.169189453125
2024-09-24,SPY,562.77490234375
2024-09-25,SPY,561.53363037109375
2024-09-26,SPY,563.760009765625
2024-09-27,SPY,562.94232177734375
2024-09-30,SPY,565.19818115234375
2024-10-01,SPY,560.1348876953125
2024-10-02,SPY,560.37127685546875
2024-10-03,SPY,559.3468017578125
2024-10-04,SPY,564.4298095703125
2024-10-07,SPY,559.32708740234375
2024-10-08,SPY,564.61700439453125
2024-10-09,SPY,568.52777099609375
2024-10-10,SPY,567.53277587890625
2024-10-11,SPY,570.9312744140625
2024-10-14,SPY,575.60064697265625
2024-10-15,SPY,571.12835693359375
2024-10-16,SPY,573.6107177734375
2024-10-17,SPY,573.65997314453125
2024-10-18,SPY,575.8665771484375
2024-10-21,SPY,574.9208984375
2024-10-22,SPY,574.615478515625
2024-10-23,SPY,569.3651123046875
2024-10-24,SPY,570.596435546875
2024-10-25,SPY,570.39935302734375
2024-10-28,SPY,572.16265869140625
2024-10-29,SPY,573.088623046875
2024-10-30,SPY,571.35498046875
2024-10-31,SPY,560.15460205078125
2024-11-01,SPY,562.51873779296875
2024-11-04,SPY,561.30706787109375
2024-11-05,SPY,568.09442138671875
2024-11-06,SPY,582.2203369140625
2024-11-07,SPY,586.72216796875
2024-11-08,SPY,589.263671875
2024-11-11,SPY,589.82513427734375
2024-11-12,SPY,587.99298095703125
2024-11-13,SPY,588.27862548828125
2024-11-14,SPY,584.49578857421875
2024-11-15,SPY,577.0091552734375
2024-11-18,SPY,579.37347412109375
2024-11-19,SPY,581.49127197265625
2024-11-20,SPY,581.68841552734375
2024-11-21,SPY,584.81109619140625
2024-11-22,SPY,586.62359619140625
2024-11-25,SPY,588.61346435546875
2024-11-26,SPY,591.68695068359375
2024-11-27,SPY,589.89404296875
2024-11-29,SPY,593.55859375
2024-12-02,SPY,594.62249755859375
2024-12-03,SPY,594.898193359375
2024-12-04,SPY,598.59228515625
2024-12-05,SPY,597.607177734375
2024-12-06,SPY,598.74005126953125
2024-12-09,SPY,595.65673828125
2024-12-10,SPY,593.8048095703125
2024-12-11,SPY,598.395263671875
2024-12-12,SPY,595.31201171875
2024-12-13,SPY,595.19384765625
2024-12-16,SPY,597.73529052734375
2024-12-17,SPY,595.27252197265625
2024-12-18,SPY,577.53143310546875
2024-12-19,SPY,577.35400390625
2024-12-20,SPY,584.28863525390625
2024-12-23,SPY,587.78753662109375
2024-12-24,SPY,594.32073974609375
2024-12-26,SPY,594.36041259765625
2024-12-27,SPY,588.103759765625
2024-12-30,SPY,581.392578125
2024-12-31,SPY,579.27740478515625
2025-01-02,SPY,577.85418701171875
2025-01-03,SPY,585.07928466796875
2025-01-06,SPY,588.44964599609375
2025-01-07,SPY,581.79779052734375
2025-01-08,SPY,582.64788818359375
2025-01-10,SPY,573.7523193359375
2025-01-13,SPY,574.64190673828125
2025-01-14,SPY,575.43255615234375
2025-01-15,SPY,585.89971923828125
2025-01-16,SPY,584.77294921875
2025-01-17,SPY,590.64398193359375
2025-01-21,SPY,596.05047607421875
2025-01-22,SPY,599.401123046875
2025-01-23,SPY,602.67266845703125
2025-01-24,SPY,600.91326904296875
2025-01-27,SPY,592.4132080078125
2025-01-28,SPY,597.50347900390625
2025-01-29,SPY,594.82489013671875
2025-01-30,SPY,598.017333984375
2025-01-31,SPY,594.834716796875
2025-02-03,SPY,590.831787109375
2025-02-04,SPY,594.79522705078125
2025-02-05,SPY,597.20684814453125
2025-02-06,SPY,599.28253173828125
2025-02-07,SPY,593.7969970703125
2025-02-10,SPY,597.82958984375
2025-02-11,SPY,598.2843017578125
2025-02-12,SPY,596.35687255859375
2025-02-13,SPY,602.65289306640625
2025-02-14,SPY,602.623291015625
2025-02-18,SPY,604.39251708984375
2025-02-19,SPY,605.8157958984375
2025-02-20,SPY,603.29541015625
2025-02-21,SPY,592.9765625
2025-02-24,SPY,590.27825927734375
2025-02-25,SPY,587.34271240234375
2025-02-26,SPY,587.63922119140625
2025-02-27,SPY,578.2593994140625
2025-02-28,SPY,587.28338623046875
2025-03-03,SPY,576.9942626953125
2025-03-04,SPY,570.16448974609375
2025-03-05,SPY,576.29248046875
2025-03-06,SPY,566.0626220703125
2025-03-07,SPY,569.2353515625
2025-03-10,SPY,554.07342529296875
2025-03-11,SPY,549.467529296875
2025-03-12,SPY,552.38330078125
2025-03-13,SPY,545.01971435546875
2025-03-14,SPY,556.27752685546875
2025-03-17,SPY,560.5672607421875
2025-03-18,SPY,554.50836181640625
2025-03-19,SPY,560.54742431640625
2025-03-20,SPY,558.9263916015625
2025-03-21,SPY,559.11083984375
2025-03-24,SPY,569.1236572265625
2025-03-25,SPY,570.49169921875
2025-03-26,SPY,563.68109130859375
2025-03-27,SPY,562.18408203125
2025-03-28,SPY,550.8626708984375
2025-03-31,SPY,554.56048583984375
2025-04-01,SPY,556.1268310546875
2025-04-02,SPY,559.646240234375
2025-04-03,SPY,532.06640625
2025-04-04,SPY,500.9176330566406
2025-04-07,SPY,500.025390625
2025-04-08,SPY,492.1936340332031
2025-04-09,SPY,543.88348388671875
2025-04-10,SPY,520.05096435546875
2025-04-11,SPY,529.33013916015625
2025-04-14,SPY,534.4654541015625
2025-04-15,SPY,532.968505859375
2025-04-16,SPY,521.12164306640625
2025-04-17,SPY,521.86517333984375
2025-04-21,SPY,509.4433898925781
2025-04-22,SPY,522.69793701171875
2025-04-23,SPY,530.79736328125
2025-04-24,SPY,541.97015380859375
2025-04-25,SPY,545.88604736328125
2025-04-28,SPY,546.09423828125
2025-04-29,SPY,549.53424072265625
2025-04-30,SPY,549.7523193359375
2025-05-01,SPY,553.64837646484375
2025-05-02,SPY,561.8668212890625
2025-05-05,SPY,558.64483642578125
2025-05-06,SPY,553.9755859375
2025-05-07,SPY,556.3052978515625
2025-05-08,SPY,560.18157958984375
2025-05-09,SPY,559.46771240234375
2025-05-12,SPY,577.95672607421875
2025-05-13,SPY,581.77349853515625
2025-05-14,SPY,582.51702880859375
2025-05-15,SPY,585.36224365234375
2025-05-16,SPY,589.06988525390625
2025-05-19,SPY,589.71429443359375
2025-05-20,SPY,587.7315673828125
2025-05-21,SPY,577.82781982421875
2025-05-22,SPY,578.055908203125
2025-05-23,SPY,574.11016845703125
2025-05-27,SPY,586.04632568359375
2025-05-28,SPY,582.65582275390625
2025-05-29,SPY,584.95574951171875
2025-05-30,SPY,584.301513671875
2025-06-02,SPY,587.59283447265625
2025-06-03,SPY,590.943603515625
2025-06-04,SPY,590.7850341796875
2025-06-05,SPY,587.92987060546875
2025-06-06,SPY,593.96728515625
2025-06-09,SPY,594.50262451171875
2025-06-10,SPY,597.873291015625
2025-06-11,SPY,596.16815185546875
2025-06-12,SPY,598.5374755859375
2025-06-13,SPY,591.845703125
2025-06-16,SPY,597.47674560546875
2025-06-17,SPY,592.3712158203125
2025-06-18,SPY,592.281982421875
2025-06-20,SPY,590.8909912109375
2025-06-23,SPY,596.72747802734375
2025-06-24,SPY,603.31964111328125
2025-06-25,SPY,603.65771484375
2025-06-26,SPY,608.380615234375
2025-06-27,SPY,611.40325927734375
2025-06-30,SPY,614.32647705078125
2025-07-01,SPY,614.127685546875
2025-07-02,SPY,616.9117431640625
2025-07-03,SPY,621.77386474609375
2025-07-07,SPY,617.14031982421875
2025-07-08,SPY,616.8023681640625
2025-07-09,SPY,620.5010986328125
2025-07-10,SPY,622.25103759765625
2025-07-11,SPY,620.06365966796875
2025-07-14,SPY,621.246826171875
2025-07-15,SPY,618.592041015625
2025-07-16,SPY,620.66015625
2025-07-17,SPY,624.4583740234375
2025-07-18,SPY,624.00103759765625
2025-07-21,SPY,625.18426513671875
2025-07-22,SPY,625.27374267578125
2025-07-23,SPY,630.59320068359375
2025-07-24,SPY,630.802001953125
2025-07-25,SPY,633.46673583984375
2025-07-28,SPY,633.30767822265625
2025-07-29,SPY,631.63726806640625
2025-07-30,SPY,630.841796875
2025-07-31,SPY,628.475341796875
2025-08-01,SPY,618.17437744140625
2025-08-04,SPY,627.570556640625
2025-08-05,SPY,624.3887939453125
2025-08-06,SPY,629.17138671875
2025-08-07,SPY,628.6444091796875
2025-08-08,SPY,633.5462646484375
2025-08-11,SPY,632.29345703125
2025-08-12,SPY,639.02484130859375
2025-08-13,SPY,641.21234130859375
2025-08-14,SPY,641.27197265625
2025-08-15,SPY,639.77056884765625
2025-08-18,SPY,639.63140869140625
2025-08-19,SPY,636.1612548828125
2025-08-20,SPY,634.470947265625
2025-08-21,SPY,631.92559814453125
2025-08-22,SPY,641.62994384765625
2025-08-25,SPY,638.80609130859375
2025-08-26,SPY,641.48077392578125
2025-08-27,SPY,642.9423828125
2025-08-28,SPY,645.21929931640625
2025-08-29,SPY,641.37139892578125
2025-09-02,SPY,636.61871337890625
2025-09-03,SPY,640.06884765625
2025-09-04,SPY,645.418212890625
2025-09-05,SPY,643.54888916015625
2025-09-08,SPY,645.1298828125
2025-09-09,SPY,646.62127685546875
2025-09-10,SPY,648.49053955078125
2025-09-11,SPY,653.87969970703125
2025-09-12,SPY,653.66082763671875
2025-09-15,SPY,657.14093017578125
2025-09-16,SPY,656.23614501953125
2025-09-17,SPY,655.42083740234375
2025-09-18,SPY,658.48321533203125
2025-09-19,SPY,661.74462890625
2025-09-22,SPY,664.8753662109375
2025-09-23,SPY,661.256103515625
2025-09-24,SPY,659.1522216796875
2025-09-25,SPY,656.11126708984375
2025-09-26,SPY,659.87017822265625
2025-09-29,SPY,661.72467041015625
2025-09-30,SPY,664.21728515625
2025-10-01,SPY,666.48065185546875
2025-10-02,SPY,667.248291015625
2025-10-03,SPY,667.2384033203125
2025-10-06,SPY,669.63128662109375
2025-10-07,SPY,667.14862060546875
2025-10-08,SPY,671.12689208984375
2025-10-09,SPY,669.1826171875
2025-10-10,SPY,651.0960693359375
2025-10-13,SPY,661.0865478515625
2025-10-14,SPY,660.2789306640625
2025-10-15,SPY,663.21026611328125
2025-10-16,SPY,658.69366455078125
2025-10-17,SPY,662.4326171875
2025-10-20,SPY,669.32220458984375
2025-10-21,SPY,669.31219482421875
2025-10-22,SPY,665.83251953125
2025-10-23,SPY,669.7808837890625
2025-10-24,SPY,675.25469970703125
2025-10-27,SPY,683.22113037109375
2025-10-28,SPY,685.0357666015625
2025-10-29,SPY,685.36480712890625
2025-10-30,SPY,677.82708740234375
2025-10-31,SPY,680.050537109375
2025-11-03,SPY,681.3267822265625
2025-11-04,SPY,673.2506103515625
2025-11-05,SPY,675.583740234375
2025-11-06,SPY,668.33514404296875
2025-11-07,SPY,668.9931640625
2025-11-10,SPY,679.432373046875
2025-11-11,SPY,680.98773193359375
2025-11-12,SPY,681.36663818359375
2025-11-13,SPY,670.05999755859375
2025-11-14,SPY,669.95037841796875
2025-11-17,SPY,663.70880126953125
2025-11-18,SPY,658.13531494140625
2025-11-19,SPY,660.67779541015625
2025-11-20,SPY,650.6075439453125
2025-11-21,SPY,657.08837890625
2025-11-24,SPY,666.759765625
2025-11-25,SPY,673.03125
2025-11-26,SPY,677.67755126953125
2025-11-28,SPY,681.3765869140625
2025-12-01,SPY,678.26580810546875
2025-12-02,SPY,679.5220947265625
2025-12-03,SPY,681.8751220703125
2025-12-04,SPY,682.3736572265625
2025-12-05,SPY,683.6697998046875
2025-12-08,SPY,681.61590576171875
2025-12-09,SPY,681.027587890625
2025-12-10,SPY,685.5443115234375
2025-12-11,SPY,687.1395263671875
2025-12-12,SPY,679.75140380859375
2025-12-15,SPY,678.72442626953125
2025-12-16,SPY,676.86993408203125
2025-12-17,SPY,669.42193603515625
2025-12-18,SPY,674.4769287109375
2025-12-19,SPY,680.59002685546875
2025-12-22,SPY,684.83001708984375
2025-12-23,SPY,687.96002197265625
2025-12-24,SPY,690.3800048828125
2025-12-26,SPY,690.30999755859375
2025-12-29,SPY,687.8499755859375
2025-12-30,SPY,687.010009765625
2025-12-31,SPY,681.91998291015625
2026-01-02,SPY,683.16998291015625
