date,ticker,adj_close
2023-01-03,AAPL,123.21119689941406
2023-01-04,AAPL,124.4820327758789
2023-01-05,AAPL,123.16194915771484
2023-01-06,AAPL,127.69359588623047
2023-01-09,AAPL,128.21568298339844
2023-01-10,AAPL,128.7870635986328
2023-01-11,AAPL,131.50607299804688
2023-01-12,AAPL,131.42726135253906
2023-01-13,AAPL,132.7572021484375
2023-01-17,AAPL,133.91966247558594
2023-01-18,AAPL,133.2005157470703
2023-01-19,AAPL,133.25962829589844
2023-01-20,AAPL,135.8209228515625
2023-01-23,AAPL,139.0128173828125
2023-01-24,AAPL,140.41172790527344
2023-01-25,AAPL,139.75167846679688
2023-01-26,AAPL,141.82046508789062
2023-01-27,AAPL,143.7611846923828
2023-01-30,AAPL,140.87477111816406
2023-01-31,AAPL,142.14553833007812
2023-02-01,AAPL,143.2686004638672
2023-02-02,AAPL,148.57850646972656
2023-02-03,AAPL,152.20379638671875
2023-02-06,AAPL,149.4749755859375
2023-02-07,AAPL,152.35157775878906
2023-02-08,AAPL,149.6621551513672
2023-02-09,AAPL,148.62774658203125
2023-02-10,AAPL,148.99278259277344
2023-02-13,AAPL,151.79490661621094
2023-02-14,AAPL,151.153564453125
2023-02-15,AAPL,153.255126953125
2023-02-16,AAPL,151.65675354003906
2023-02-17,AAPL,150.5122528076172
2023-02-21,AAPL,146.49661254882812
2023-02-22,AAPL,146.92086791992188
2023-02-23,AAPL,147.40431213378906
2023-02-24,AAPL,144.75025939941406
2023-02-27,AAPL,145.94410705566406
2023-02-28,AAPL,145.44090270996094
2023-03-01,AAPL,143.36898803710938
2023-03-02,AAPL,143.96096801757812
2023-03-03,AAPL,149.01255798339844
2023-03-06,AAPL,151.77516174316406
2023-03-07,AAPL,149.574951171875
2023-03-08,AAPL,150.82797241210938
2023-03-09,AAPL,148.57843017578125
2023-03-10,AAPL,146.51637268066406
2023-03-13,AAPL,148.46005249023438
2023-03-14,AAPL,150.5517120361328
2023-03-15,AAPL,150.9463653564453
2023-03-16,AAPL,153.76817321777344
2023-03-17,AAPL,152.9295196533203
2023-03-20,AAPL,155.29747009277344
2023-03-21,AAPL,157.15234375
2023-03-22,AAPL,155.72171020507812
2023-03-23,AAPL,156.80703735351562
2023-03-24,AAPL,158.10939025878906
2023-03-27,AAPL,156.16571044921875
2023-03-28,AAPL,155.5441131591797
2023-03-29,AAPL,158.62245178222656
2023-03-30,AAPL,160.19122314453125
2023-03-31,AAPL,162.69728088378906
2023-04-03,AAPL,163.95033264160156
2023-04-04,AAPL,163.41754150390625
2023-04-05,AAPL,161.57249450683594
2023-04-06,AAPL,162.4605255126953
2023-04-10,AAPL,159.86561584472656
2023-04-11,AAPL,158.6520538330078
2023-04-12,AAPL,157.96145629882812
2023-04-13,AAPL,163.34844970703125
2023-04-14,AAPL,163.00314331054688
2023-04-17,AAPL,163.0228729248047
2023-04-18,AAPL,164.24632263183594
2023-04-19,AAPL,165.3908233642578
2023-04-20,AAPL,164.4239044189453
2023-04-21,AAPL,162.815673828125
2023-04-24,AAPL,163.12155151367188
2023-04-25,AAPL,161.58238220214844
2023-04-26,AAPL,161.57249450683594
2023-04-27,AAPL,166.16041564941406
2023-04-28,AAPL,167.41342163085938
2023-05-01,AAPL,167.32464599609375
2023-05-02,AAPL,166.28868103027344
2023-05-03,AAPL,165.21322631835938
2023-05-04,AAPL,163.57540893554688
2023-05-05,AAPL,171.25146484375
2023-05-08,AAPL,171.18238830566406
2023-05-09,AAPL,169.4755096435547
2023-05-10,AAPL,171.24160766601562
2023-05-11,AAPL,171.42906188964844
2023-05-12,AAPL,170.5003662109375
2023-05-15,AAPL,170.00634765625
2023-05-16,AAPL,170.00634765625
2023-05-17,AAPL,170.61892700195312
2023-05-18,AAPL,172.95059204101562
2023-05-19,AAPL,173.05929565429688
2023-05-22,AAPL,172.11077880859375
2023-05-23,AAPL,169.50242614746094
2023-05-24,AAPL,169.7790985107422
2023-05-25,AAPL,170.91529846191406
2023-05-26,AAPL,173.3260498046875
2023-05-30,AAPL,175.17359924316406
2023-05-31,AAPL,175.12420654296875
2023-06-01,AAPL,177.9301300048828
2023-06-02,AAPL,178.7798614501953
2023-06-05,AAPL,177.42626953125
2023-06-06,AAPL,177.06072998046875
2023-06-07,AAPL,175.68739318847656
2023-06-08,AAPL,178.40440368652344
2023-06-09,AAPL,178.7897186279297
2023-06-12,AAPL,181.5857696533203
2023-06-13,AAPL,181.11151123046875
2023-06-14,AAPL,181.7438507080078
2023-06-15,AAPL,183.77914428710938
2023-06-16,AAPL,182.70220947265625
2023-06-20,AAPL,182.7911376953125
2023-06-21,AAPL,181.75372314453125
2023-06-22,AAPL,184.7572784423828
2023-06-23,AAPL,184.44110107421875
2023-06-26,AAPL,183.0480194091797
2023-06-27,AAPL,185.8045654296875
2023-06-28,AAPL,186.9802703857422
2023-06-29,AAPL,187.3162078857422
2023-06-30,AAPL,191.6436767578125
2023-07-03,AAPL,190.1518096923828
2023-07-05,AAPL,189.03533935546875
2023-07-06,AAPL,189.5095977783203
2023-07-07,AAPL,188.3931427001953
2023-07-10,AAPL,186.34796142578125
2023-07-11,AAPL,185.8243408203125
2023-07-12,AAPL,187.4940643310547
2023-07-13,AAPL,188.2548065185547
2023-07-14,AAPL,188.4030303955078
2023-07-17,AAPL,191.66346740722656
2023-07-18,AAPL,191.4065399169922
2023-07-19,AAPL,192.7601318359375
2023-07-20,AAPL,190.8137664794922
2023-07-21,AAPL,189.63803100585938
2023-07-24,AAPL,190.4383087158203
2023-07-25,AAPL,191.29788208007812
2023-07-26,AAPL,192.1673126220703
2023-07-27,AAPL,190.9026641845703
2023-07-28,AAPL,193.4813995361328
2023-07-31,AAPL,194.0939178466797
2023-08-01,AAPL,193.2639923095703
2023-08-02,AAPL,190.27035522460938
2023-08-03,AAPL,188.87725830078125
2023-08-04,AAPL,179.80735778808594
2023-08-07,AAPL,176.70501708984375
2023-08-08,AAPL,177.6436309814453
2023-08-09,AAPL,176.0529022216797
2023-08-10,AAPL,175.83555603027344
2023-08-11,AAPL,175.89492797851562
2023-08-14,AAPL,177.54713439941406
2023-08-15,AAPL,175.5585479736328
2023-08-16,AAPL,174.68795776367188
2023-08-17,AAPL,172.14532470703125
2023-08-18,AAPL,172.630126953125
2023-08-21,AAPL,173.9656982421875
2023-08-22,AAPL,175.34092712402344
2023-08-23,AAPL,179.18942260742188
2023-08-24,AAPL,174.49998474121094
2023-08-25,AAPL,176.70619201660156
2023-08-28,AAPL,178.26934814453125
2023-08-29,AAPL,182.15744018554688
2023-08-30,AAPL,185.6498565673828
2023-08-31,AAPL,185.86749267578125
2023-09-01,AAPL,187.4405517578125
2023-09-05,AAPL,187.677978515625
2023-09-06,AAPL,180.96035766601562
2023-09-07,AAPL,175.6674041748047
2023-09-08,AAPL,176.28077697753906
2023-09-11,AAPL,177.4481964111328
2023-09-12,AAPL,174.42083740234375
2023-09-13,AAPL,172.35308837890625
2023-09-14,AAPL,173.86679077148438
2023-09-15,AAPL,173.14454650878906
2023-09-18,AAPL,176.07302856445312
2023-09-19,AAPL,177.16131591796875
2023-09-20,AAPL,173.61947631835938
2023-09-21,AAPL,172.0760498046875
2023-09-22,AAPL,172.9269256591797
2023-09-25,AAPL,174.20315551757812
2023-09-26,AAPL,170.12710571289062
2023-09-27,AAPL,168.61337280273438
2023-09-28,AAPL,168.87063598632812
2023-09-29,AAPL,169.3850860595703
2023-10-02,AAPL,171.8979949951172
2023-10-03,AAPL,170.5623779296875
2023-10-04,AAPL,171.80894470214844
2023-10-05,AAPL,173.04563903808594
2023-10-06,AAPL,175.59814453125
2023-10-09,AAPL,177.08218383789062
2023-10-10,AAPL,176.48855590820312
2023-10-11,AAPL,177.88351440429688
2023-10-12,AAPL,178.78382873535156
2023-10-13,AAPL,176.9436492919922
2023-10-16,AAPL,176.81503295898438
2023-10-17,AAPL,175.2617645263672
2023-10-18,AAPL,173.9656982421875
2023-10-19,AAPL,173.5897979736328
2023-10-20,AAPL,171.03729248046875
2023-10-23,AAPL,171.15599060058594
2023-10-24,AAPL,171.59129333496094
2023-10-25,AAPL,169.2762451171875
2023-10-26,AAPL,165.11109924316406
2023-10-27,AAPL,166.42694091796875
2023-10-30,AAPL,168.47488403320312
2023-10-31,AAPL,168.94979858398438
2023-11-01,AAPL,172.11566162109375
2023-11-02,AAPL,175.6772918701172
2023-11-03,AAPL,174.76707458496094
2023-11-06,AAPL,177.319580078125
2023-11-07,AAPL,179.88198852539062
2023-11-08,AAPL,180.94058227539062
2023-11-09,AAPL,180.4656982421875
2023-11-10,AAPL,184.6561279296875
2023-11-13,AAPL,183.07107543945312
2023-11-14,AAPL,185.68638610839844
2023-11-15,AAPL,186.2510528564453
2023-11-16,AAPL,187.9351348876953
2023-11-17,AAPL,187.91534423828125
2023-11-20,AAPL,189.65887451171875
2023-11-21,AAPL,188.85643005371094
2023-11-22,AAPL,189.5201873779297
2023-11-24,AAPL,188.19271850585938
2023-11-27,AAPL,188.01438903808594
2023-11-28,AAPL,188.61868286132812
2023-11-29,AAPL,187.59832763671875
2023-11-30,AAPL,188.1728973388672
2023-12-01,AAPL,189.45083618164062
2023-12-04,AAPL,187.6577606201172
2023-12-05,AAPL,191.61041259765625
2023-12-06,AAPL,190.5207061767578
2023-12-07,AAPL,192.4524688720703
2023-12-08,AAPL,193.87901306152344
2023-12-11,AAPL,191.37269592285156
2023-12-12,AAPL,192.8883819580078
2023-12-13,AAPL,196.10797119140625
2023-12-14,AAPL,196.25657653808594
2023-12-15,AAPL,195.7216033935547
2023-12-18,AAPL,194.0573272705078
2023-12-19,AAPL,195.0975341796875
2023-12-20,AAPL,193.0072479248047
2023-12-21,AAPL,192.858642578125
2023-12-22,AAPL,191.78875732421875
2023-12-26,AAPL,191.24391174316406
2023-12-27,AAPL,191.3429718017578
2023-12-28,AAPL,191.76895141601562
2023-12-29,AAPL,190.72877502441406
2024-01-02,AAPL,183.90322875976562
2024-01-03,AAPL,182.52626037597656
2024-01-04,AAPL,180.2081298828125
2024-01-05,AAPL,179.48492431640625
2024-01-08,AAPL,183.823974609375
2024-01-09,AAPL,183.40792846679688
2024-01-10,AAPL,184.44808959960938
2024-01-11,AAPL,183.85369873046875
2024-01-12,AAPL,184.18060302734375
2024-01-16,AAPL,181.9120330810547
2024-01-17,AAPL,180.97091674804688
2024-01-18,AAPL,186.86524963378906
2024-01-19,AAPL,189.76783752441406
2024-01-22,AAPL,192.07603454589844
2024-01-23,AAPL,193.3539581298828
2024-01-24,AAPL,192.68032836914062
2024-01-25,AAPL,192.35340881347656
2024-01-26,AAPL,190.61978149414062
2024-01-29,AAPL,189.9362335205078
2024-01-30,AAPL,186.28077697753906
2024-01-31,AAPL,182.67481994628906
2024-02-01,AAPL,185.11181640625
2024-02-02,AAPL,184.1112518310547
2024-02-05,AAPL,185.9241485595703
2024-02-06,AAPL,187.52899169921875
2024-02-07,AAPL,187.63795471191406
2024-02-08,AAPL,186.55819702148438
2024-02-09,AAPL,187.32192993164062
2024-02-12,AAPL,185.63568115234375
2024-02-13,AAPL,183.54273986816406
2024-02-14,AAPL,182.6599578857422
2024-02-15,AAPL,182.37229919433594
2024-02-16,AAPL,180.8348388671875
2024-02-20,AAPL,180.0908966064453
2024-02-21,AAPL,180.84478759765625
2024-02-22,AAPL,182.878173828125
2024-02-23,AAPL,181.0431365966797
2024-02-26,AAPL,179.69415283203125
2024-02-27,AAPL,181.15223693847656
2024-02-28,AAPL,179.9520721435547
2024-02-29,AAPL,179.28746032714844
2024-03-01,AAPL,178.206298828125
2024-03-04,AAPL,173.68319702148438
2024-03-05,AAPL,168.74346923828125
2024-03-06,AAPL,167.7515411376953
2024-03-07,AAPL,167.63253784179688
2024-03-08,AAPL,169.34852600097656
2024-03-11,AAPL,171.35220336914062
2024-03-12,AAPL,171.8282928466797
2024-03-13,AAPL,169.7453155517578
2024-03-14,AAPL,171.60015869140625
2024-03-15,AAPL,171.22323608398438
2024-03-18,AAPL,172.31434631347656
2024-03-19,AAPL,174.65525817871094
2024-03-20,AAPL,177.22430419921875
2024-03-21,AAPL,169.98336791992188
2024-03-22,AAPL,170.88601684570312
2024-03-25,AAPL,169.4675750732422
2024-03-26,AAPL,168.33680725097656
2024-03-27,AAPL,171.9076690673828
2024-03-28,AAPL,170.0924530029297
2024-04-01,AAPL,168.65420532226562
2024-04-02,AAPL,167.47384643554688
2024-04-03,AAPL,168.27723693847656
2024-04-04,AAPL,167.45401000976562
2024-04-05,AAPL,168.2078399658203
2024-04-08,AAPL,167.0869903564453
2024-04-09,AAPL,168.29713439941406
2024-04-10,AAPL,166.4224090576172
2024-04-11,AAPL,173.6236572265625
2024-04-12,AAPL,175.12142944335938
2024-04-15,AAPL,171.2926788330078
2024-04-16,AAPL,168.0094757080078
2024-04-17,AAPL,166.64060974121094
2024-04-18,AAPL,165.6884002685547
2024-04-19,AAPL,163.66490173339844
2024-04-22,AAPL,164.49810791015625
2024-04-23,AAPL,165.5495147705078
2024-04-24,AAPL,167.6523895263672
2024-04-25,AAPL,168.51531982421875
2024-04-26,AAPL,167.9300994873047
2024-04-29,AAPL,172.0961456298828
2024-04-30,AAPL,168.95176696777344
2024-05-01,AAPL,167.9300994873047
2024-05-02,AAPL,171.6299285888672
2024-05-03,AAPL,181.89617919921875
2024-05-06,AAPL,180.2397003173828
2024-05-07,AAPL,180.9241180419922
2024-05-08,AAPL,181.2613525390625
2024-05-09,AAPL,183.0765838623047
2024-05-10,AAPL,181.8151397705078
2024-05-13,AAPL,185.02333068847656
2024-05-14,AAPL,186.16558837890625
2024-05-15,AAPL,188.4401397705078
2024-05-16,AAPL,188.55931091308594
2024-05-17,AAPL,188.589111328125
2024-05-20,AAPL,189.751220703125
2024-05-21,AAPL,191.0523681640625
2024-05-22,AAPL,189.61216735839844
2024-05-23,AAPL,185.61927795410156
2024-05-24,AAPL,188.69834899902344
2024-05-28,AAPL,188.70831298828125
2024-05-29,AAPL,189.0062713623047
2024-05-30,AAPL,189.99951171875
2024-05-31,AAPL,190.9530487060547
2024-06-03,AAPL,192.72103881835938
2024-06-04,AAPL,193.0388946533203
2024-06-05,AAPL,194.54861450195312
2024-06-06,AAPL,193.16799926757812
2024-06-07,AAPL,195.56175231933594
2024-06-10,AAPL,191.8171844482422
2024-06-11,AAPL,205.7525177001953
2024-06-12,AAPL,211.63262939453125
2024-06-13,AAPL,212.7947235107422
2024-06-14,AAPL,211.05653381347656
2024-06-17,AAPL,215.20834350585938
2024-06-18,AAPL,212.8443603515625
2024-06-20,AAPL,208.26547241210938
2024-06-21,AAPL,206.0902557373047
2024-06-24,AAPL,206.73587036132812
2024-06-25,AAPL,207.6595916748047
2024-06-26,AAPL,211.81138610839844
2024-06-27,AAPL,212.65567016601562
2024-06-28,AAPL,209.1991424560547
2024-07-01,AAPL,215.2877960205078
2024-07-02,AAPL,218.78402709960938
2024-07-03,AAPL,220.05538940429688
2024-07-05,AAPL,224.81307983398438
2024-07-08,AAPL,226.28311157226562
2024-07-09,AAPL,227.13729858398438
2024-07-10,AAPL,231.4082794189453
2024-07-11,AAPL,226.03480529785156
2024-07-12,AAPL,228.98475646972656
2024-07-15,AAPL,232.81871032714844
2024-07-16,AAPL,233.23587036132812
2024-07-17,AAPL,227.33596801757812
2024-07-18,AAPL,222.6676483154297
2024-07-19,AAPL,222.79678344726562
2024-07-22,AAPL,222.44915771484375
2024-07-23,AAPL,223.49205017089844
2024-07-24,AAPL,217.06568908691406
2024-07-25,AAPL,216.02281188964844
2024-07-26,AAPL,216.4896240234375
2024-07-29,AAPL,216.7677459716797
2024-07-30,AAPL,217.32395935058594
2024-07-31,AAPL,220.58181762695312
2024-08-01,AAPL,216.8869171142578
2024-08-02,AAPL,218.37680053710938
2024-08-05,AAPL,207.85824584960938
2024-08-06,AAPL,205.83201599121094
2024-08-07,AAPL,208.404541015625
2024-08-08,AAPL,211.87098693847656
2024-08-09,AAPL,214.78125
2024-08-12,AAPL,216.3126220703125
2024-08-13,AAPL,220.0316619873047
2024-08-14,AAPL,220.4791717529297
2024-08-15,AAPL,223.46237182617188
2024-08-16,AAPL,224.78492736816406
2024-08-19,AAPL,224.6258087158203
2024-08-20,AAPL,225.24234008789062
2024-08-21,AAPL,225.13296508789062
2024-08-22,AAPL,223.27342224121094
2024-08-23,AAPL,225.57049560546875
2024-08-26,AAPL,225.90859985351562
2024-08-27,AAPL,226.75384521484375
2024-08-28,AAPL,225.2224578857422
2024-08-29,AAPL,228.5039825439453
2024-08-30,AAPL,227.7184295654297
2024-09-03,AAPL,221.52330017089844
2024-09-04,AAPL,219.61402893066406
2024-09-05,AAPL,221.13546752929688
2024-09-06,AAPL,219.58421325683594
2024-09-09,AAPL,219.67369079589844
2024-09-10,AAPL,218.878173828125
2024-09-11,AAPL,221.4138946533203
2024-09-12,AAPL,221.52330017089844
2024-09-13,AAPL,221.2548065185547
2024-09-16,AAPL,215.10939025878906
2024-09-17,AAPL,215.5767364501953
2024-09-18,AAPL,219.45492553710938
2024-09-19,AAPL,227.58912658691406
2024-09-20,AAPL,226.9228973388672
2024-09-23,AAPL,225.20257568359375
2024-09-24,AAPL,226.0975341796875
2024-09-25,AAPL,225.10313415527344
2024-09-26,AAPL,226.24667358398438
2024-09-27,AAPL,226.51516723632812
2024-09-30,AAPL,231.696044921875
2024-10-01,AAPL,224.9440460205078
2024-10-02,AAPL,225.51084899902344
2024-10-03,AAPL,224.40704345703125
2024-10-04,AAPL,225.53073120117188
2024-10-07,AAPL,220.44932556152344
2024-10-08,AAPL,224.50648498535156
2024-10-09,AAPL,228.25540161132812
2024-10-10,AAPL,227.7581787109375
2024-10-11,AAPL,226.2765350341797
2024-10-14,AAPL,230.00555419921875
2024-10-15,AAPL,232.54129028320312
2024-10-16,AAPL,230.4828338623047
2024-10-17,AAPL,230.8507843017578
2024-10-18,AAPL,233.68482971191406
2024-10-21,AAPL,235.15655517578125
2024-10-22,AAPL,234.5400390625
2024-10-23,AAPL,229.46856689453125
2024-10-24,AAPL,229.27963256835938
2024-10-25,AAPL,230.1149444580078
2024-10-28,AAPL,232.09378051757812
2024-10-29,AAPL,232.36227416992188
2024-10-30,AAPL,228.812255859375
2024-10-31,AAPL,224.6457061767578
2024-11-01,AAPL,221.6625213623047
2024-11-04,AAPL,220.7675323486328
2024-11-05,AAPL,222.19947814941406
2024-11-06,AAPL,221.47357177734375
2024-11-07,AAPL,226.2069091796875
2024-11-08,AAPL,225.93814086914062
2024-11-11,AAPL,223.22042846679688
2024-11-12,AAPL,223.22042846679688
2024-11-13,AAPL,224.1063995361328
2024-11-14,AAPL,227.1924591064453
2024-11-15,AAPL,223.98696899414062
2024-11-18,AAPL,226.99337768554688
2024-11-19,AAPL,227.252197265625
2024-11-20,AAPL,227.9689483642578
2024-11-21,AAPL,227.49111938476562
2024-11-22,AAPL,228.8350372314453
2024-11-25,AAPL,231.82151794433594
2024-11-26,AAPL,234.0016632080078
2024-11-27,AAPL,233.8722381591797
2024-11-29,AAPL,236.26144409179688
2024-12-02,AAPL,238.51126098632812
2024-12-03,AAPL,241.5574951171875
2024-12-04,AAPL,241.91586303710938
2024-12-05,AAPL,241.94573974609375
2024-12-06,AAPL,241.74664306640625
2024-12-09,AAPL,245.63902282714844
2024-12-10,AAPL,246.65444946289062
2024-12-11,AAPL,245.38021850585938
2024-12-12,AAPL,246.84359741210938
2024-12-13,AAPL,247.01283264160156
2024-12-16,AAPL,249.90969848632812
2024-12-17,AAPL,252.33872985839844
2024-12-18,AAPL,246.9331817626953
2024-12-19,AAPL,248.6653289794922
2024-12-20,AAPL,253.34417724609375
2024-12-23,AAPL,254.1206817626953
2024-12-24,AAPL,257.0374755859375
2024-12-26,AAPL,257.853759765625
2024-12-27,AAPL,254.439208984375
2024-12-30,AAPL,251.06448364257812
2024-12-31,AAPL,249.29251098632812
2025-01-02,AAPL,242.75209045410156
2025-01-03,AAPL,242.26429748535156
2025-01-06,AAPL,243.89691162109375
2025-01-07,AAPL,241.11947631835938
2025-01-08,AAPL,241.60726928710938
2025-01-10,AAPL,235.78363037109375
2025-01-13,AAPL,233.3446502685547
2025-01-14,AAPL,232.22967529296875
2025-01-15,AAPL,236.79901123046875
2025-01-16,AAPL,227.23228454589844
2025-01-17,AAPL,228.9445343017578
2025-01-21,AAPL,221.6375732421875
2025-01-22,AAPL,222.82223510742188
2025-01-23,AAPL,222.65301513671875
2025-01-24,AAPL,221.77694702148438
2025-01-27,AAPL,228.82508850097656
2025-01-28,AAPL,237.18724060058594
2025-01-29,AAPL,238.2823028564453
2025-01-30,AAPL,236.52027893066406
2025-01-31,AAPL,234.93743896484375
2025-02-03,AAPL,226.9833984375
2025-02-04,AAPL,231.75186157226562
2025-02-05,AAPL,231.42333984375
2025-02-06,AAPL,232.16995239257812
2025-02-07,AAPL,226.6051483154297
2025-02-10,AAPL,226.8741912841797
2025-02-11,AAPL,231.82725524902344
2025-02-12,AAPL,236.06277465820312
2025-02-13,AAPL,240.70689392089844
2025-02-14,AAPL,243.7664337158203
2025-02-18,AAPL,243.6368865966797
2025-02-19,AAPL,244.03550720214844
2025-02-20,AAPL,244.9922637939453
2025-02-21,AAPL,244.71319580078125
2025-02-24,AAPL,246.25791931152344
2025-02-25,AAPL,246.1981201171875
2025-02-26,AAPL,239.5408935546875
2025-02-27,AAPL,236.49131774902344
2025-02-28,AAPL,241.01583862304688
2025-03-03,AAPL,237.21881103515625
2025-03-04,AAPL,235.1259765625
2025-03-05,AAPL,234.93663024902344
2025-03-06,AAPL,234.5280303955078
2025-03-07,AAPL,238.2552947998047
2025-03-10,AAPL,226.70477294921875
2025-03-11,AAPL,220.08740234375
2025-03-12,AAPL,216.2405548095703
2025-03-13,AAPL,208.96542358398438
2025-03-14,AAPL,212.762451171875
2025-03-17,AAPL,213.27072143554688
2025-03-18,AAPL,211.96519470214844
2025-03-19,AAPL,214.50648498535156
2025-03-20,AAPL,213.37039184570312
2025-03-21,AAPL,217.52618408203125
2025-03-24,AAPL,219.977783203125
2025-03-25,AAPL,222.9875030517578
2025-03-26,AAPL,220.77505493164062
2025-03-27,AAPL,223.087158203125
2025-03-28,AAPL,217.1574249267578
2025-03-31,AAPL,221.37301635742188
2025-04-01,AAPL,222.42941284179688
2025-04-02,AAPL,223.1270294189453
2025-04-03,AAPL,202.49754333496094
2025-04-04,AAPL,187.738037109375
2025-04-07,AAPL,180.84161376953125
2025-04-08,AAPL,171.8323974609375
2025-04-09,AAPL,198.17234802246094
2025-04-10,AAPL,189.7710723876953
2025-04-11,AAPL,197.47471618652344
2025-04-14,AAPL,201.82984924316406
2025-04-15,AAPL,201.4511260986328
2025-04-16,AAPL,193.6079559326172
2025-04-17,AAPL,196.3087158203125
2025-04-21,AAPL,192.50173950195312
2025-04-22,AAPL,199.059326171875
2025-04-23,AAPL,203.9027557373047
2025-04-24,AAPL,207.65989685058594
2025-04-25,AAPL,208.56680297851562
2025-04-28,AAPL,209.4238739013672
2025-04-29,AAPL,210.490234375
2025-04-30,AAPL,211.7758331298828
2025-05-01,AAPL,212.59304809570312
2025-05-02,AAPL,204.65020751953125
2025-05-05,AAPL,198.21221923828125
2025-05-06,AAPL,197.83351135253906
2025-05-07,AAPL,195.58120727539062
2025-05-08,AAPL,196.81698608398438
2025-05-09,AAPL,197.8534393310547
2025-05-12,AAPL,210.34713745117188
2025-05-13,AAPL,212.48263549804688
2025-05-14,AAPL,211.88389587402344
2025-05-15,AAPL,211.00575256347656
2025-05-16,AAPL,210.81614685058594
2025-05-19,AAPL,208.3413543701172
2025-05-20,AAPL,206.42539978027344
2025-05-21,AAPL,201.6654052734375
2025-05-22,AAPL,200.9369354248047
2025-05-23,AAPL,194.85975646972656
2025-05-27,AAPL,199.78936767578125
2025-05-28,AAPL,199.99891662597656
2025-05-29,AAPL,199.5299072265625
2025-05-30,AAPL,200.4280242919922
2025-06-02,AAPL,201.27622985839844
2025-06-03,AAPL,202.84292602539062
2025-06-04,AAPL,202.39389038085938
2025-06-05,AAPL,200.20849609375
2025-06-06,AAPL,203.49156188964844
2025-06-09,AAPL,201.02676391601562
2025-06-10,AAPL,202.2441864013672
2025-06-11,AAPL,198.36236572265625
2025-06-12,AAPL,198.78147888183594
2025-06-13,AAPL,196.03726196289062
2025-06-16,AAPL,198.0031280517578
2025-06-17,AAPL,195.2289581298828
2025-06-18,AAPL,196.16697692871094
2025-06-20,AAPL,200.57769775390625
2025-06-23,AAPL,201.07666015625
2025-06-24,AAPL,199.87918090820312
2025-06-25,AAPL,201.13653564453125
2025-06-26,AAPL,200.57769775390625
2025-06-27,AAPL,200.65753173828125
2025-06-30,AAPL,204.7389373779297
2025-07-01,AAPL,207.3833770751953
2025-07-02,AAPL,211.99366760253906
2025-07-03,AAPL,213.10134887695312
2025-07-07,AAPL,209.50889587402344
2025-07-08,AAPL,209.5687713623047
2025-07-09,AAPL,210.69639587402344
2025-07-10,AAPL,211.96372985839844
2025-07-11,AAPL,210.7163543701172
2025-07-14,AAPL,208.1816864013672
2025-07-15,AAPL,208.67066955566406
2025-07-16,AAPL,209.71847534179688
2025-07-17,AAPL,209.57875061035156
2025-07-18,AAPL,210.73631286621094
2025-07-21,AAPL,212.0335693359375
2025-07-22,AAPL,213.94955444335938
2025-07-23,AAPL,213.7000732421875
2025-07-24,AAPL,213.31088256835938
2025-07-25,AAPL,213.43064880371094
2025-07-28,AAPL,213.6002960205078
2025-07-29,AAPL,210.8261260986328
2025-07-30,AAPL,208.6107940673828
2025-07-31,AAPL,207.1339111328125
2025-08-01,AAPL,201.95481872558594
2025-08-04,AAPL,202.9227752685547
2025-08-05,AAPL,202.49366760253906
2025-08-06,AAPL,212.80197143554688
2025-08-07,AAPL,219.56771850585938
2025-08-08,AAPL,228.86814880371094
2025-08-11,AAPL,226.95997619628906
2025-08-12,AAPL,229.42758178710938
2025-08-13,AAPL,233.10403442382812
2025-08-14,AAPL,232.5545654296875
2025-08-15,AAPL,231.36570739746094
2025-08-18,AAPL,230.66639709472656
2025-08-19,AAPL,230.3367156982422
2025-08-20,AAPL,225.79110717773438
2025-08-21,AAPL,224.68218994140625
2025-08-22,AAPL,227.53941345214844
2025-08-25,AAPL,226.94000244140625
2025-08-26,AAPL,229.08792114257812
2025-08-27,AAPL,230.26678466796875
2025-08-28,AAPL,232.33477783203125
2025-08-29,AAPL,231.91517639160156
2025-09-02,AAPL,229.49752807617188
2025-09-03,AAPL,238.2390594482422
2025-09-04,AAPL,239.5477752685547
2025-09-05,AAPL,239.45787048339844
2025-09-08,AAPL,237.64962768554688
2025-09-09,AAPL,234.123046875
2025-09-10,AAPL,226.5703582763672
2025-09-11,AAPL,229.80722045898438
2025-09-12,AAPL,233.84332275390625
2025-09-15,AAPL,236.47076416015625
2025-09-16,AAPL,237.9193572998047
2025-09-17,AAPL,238.75856018066406
2025-09-18,AAPL,237.64962768554688
2025-09-19,AAPL,245.26223754882812
2025-09-22,AAPL,255.8319854736328
2025-09-23,AAPL,254.18359375
2025-09-24,AAPL,252.06564331054688
2025-09-25,AAPL,256.6212158203125
2025-09-26,AAPL,255.2126007080078
2025-09-29,AAPL,254.18359375
2025-09-30,AAPL,254.38340759277344
2025-10-01,AAPL,255.20260620117188
2025-10-02,AAPL,256.8809814453125
2025-10-03,AAPL,257.7701110839844
2025-10-06,AAPL,256.44140625
2025-10-07,AAPL,256.23162841796875
2025-10-08,AAPL,257.8100891113281
2025-10-09,AAPL,253.79396057128906
2025-10-10,AAPL,245.032470703125
2025-10-13,AAPL,247.42015075683594
2025-10-14,AAPL,247.53004455566406
2025-10-15,AAPL,249.09852600097656
2025-10-16,AAPL,247.21035766601562
2025-10-17,AAPL,252.045654296875
2025-10-20,AAPL,261.98602294921875
2025-10-21,AAPL,262.5155029296875
2025-10-22,AAPL,258.19970703125
2025-10-23,AAPL,259.3285827636719
2025-10-24,AAPL,262.56549072265625
2025-10-27,AAPL,268.5496520996094
2025-10-28,AAPL,268.7394714355469
2025-10-29,AAPL,269.4388122558594
2025-10-30,AAPL,271.13714599609375
2025-10-31,AAPL,270.108154296875
2025-11-03,AAPL,268.7894287109375
2025-11-04,AAPL,269.7784729003906
2025-11-05,AAPL,269.8783874511719
2025-11-06,AAPL,269.50872802734375
2025-11-07,AAPL,268.2099914550781
2025-11-10,AAPL,269.42999267578125
2025-11-11,AAPL,275.25
2025-11-12,AAPL,273.4700012207031
2025-11-13,AAPL,272.95001220703125
2025-11-14,AAPL,272.4100036621094
2025-11-17,AAPL,267.4599914550781
2025-11-18,AAPL,267.44000244140625
2025-11-19,AAPL,268.55999755859375
2025-11-20,AAPL,266.25
2025-11-21,AAPL,271.489990234375
2025-11-24,AAPL,275.9200134277344
2025-11-25,AAPL,276.9700012207031
2025-11-26,AAPL,277.54998779296875
2025-11-28,AAPL,278.8500061035156
2025-12-01,AAPL,283.1000061035156
2025-12-02,AAPL,286.19000244140625
2025-12-03,AAPL,284.1499938964844
2025-12-04,AAPL,280.70001220703125
2025-12-05,AAPL,278.7799987792969
2025-12-08,AAPL,277.8900146484375
2025-12-09,AAPL,277.17999267578125
2025-12-10,AAPL,278.7799987792969
2025-12-11,AAPL,278.0299987792969
2025-12-12,AAPL,278.2799987792969
2025-12-15,AAPL,274.1099853515625
2025-12-16,AAPL,274.6099853515625
2025-12-17,AAPL,271.8399963378906
2025-12-18,AAPL,272.19000244140625
2025-12-19,AAPL,273.6700134277344
2025-12-22,AAPL,270.9700012207031
2025-12-23,AAPL,272.3599853515625
2025-12-24,AAPL,273.80999755859375
2025-12-26,AAPL,273.3999938964844
2025-12-29,AAPL,273.760009765625
2025-12-30,AAPL,273.0799865722656
2025-12-31,AAPL,271.8599853515625
2026-01-02,AAPL,271.010009765625
2026-01-05,AAPL,267.260009765625
2026-01-06,AAPL,262.3599853515625
2026-01-07,AAPL,260.3299865722656
2026-01-08,AAPL,259.0400085449219
2026-01-09,AAPL,259.3699951171875
2026-01-12,AAPL,260.25
2026-01-13,AAPL,261.04998779296875
2026-01-14,AAPL,259.9599914550781
2026-01-15,AAPL,258.2099914550781
2026-01-16,AAPL,255.52999877929688
2026-01-20,AAPL,246.6999969482422
2026-01-21,AAPL,247.64999389648438
2026-01-22,AAPL,248.35000610351562
2026-01-23,AAPL,248.0399932861328
2026-01-26,AAPL,255.41000366210938
2026-01-27,AAPL,258.2699890136719
2026-01-28,AAPL,256.44000244140625
2026-01-29,AAPL,258.2799987792969
2026-01-30,AAPL,259.4800109863281
2023-01-03,SPY,366.0691223144531
2023-01-04,SPY,368.8952331542969
2023-01-05,SPY,364.6848449707031
2023-01-06,SPY,373.04791259765625
2023-01-09,SPY,372.8363952636719
2023-01-10,SPY,375.4510192871094
2023-01-11,SPY,380.1996765136719
2023-01-12,SPY,381.5838623046875
2023-01-13,SPY,383.0642395019531
2023-01-17,SPY,382.3625183105469
2023-01-18,SPY,376.32574462890625
2023-01-19,SPY,373.5861511230469
2023-01-20,SPY,380.5456848144531
2023-01-23,SPY,385.1117248535156
2023-01-24,SPY,384.6983642578125
2023-01-25,SPY,384.84259033203125
2023-01-26,SPY,389.0721435546875
2023-01-27,SPY,389.96612548828125
2023-01-30,SPY,385.0732727050781
2023-01-31,SPY,390.7351379394531
2023-02-01,SPY,394.8878479003906
2023-02-02,SPY,400.63616943359375
2023-02-03,SPY,396.3777160644531
2023-02-06,SPY,393.955322265625
2023-02-07,SPY,399.1077880859375
2023-02-08,SPY,394.7436218261719
2023-02-09,SPY,391.321533203125
2023-02-10,SPY,392.2347412109375
2023-02-13,SPY,396.8390808105469
2023-02-14,SPY,396.656494140625
2023-02-15,SPY,397.9446105957031
2023-02-16,SPY,392.4654235839844
2023-02-17,SPY,391.4849853515625
2023-02-21,SPY,383.63140869140625
2023-02-22,SPY,383.1026916503906
2023-02-23,SPY,385.1405944824219
2023-02-24,SPY,381.0263366699219
2023-02-27,SPY,382.3240966796875
2023-02-28,SPY,380.9110107421875
2023-03-01,SPY,379.4498596191406
2023-03-02,SPY,382.4009094238281
2023-03-03,SPY,388.5338134765625
2023-03-06,SPY,388.802978515625
2023-03-07,SPY,382.8431701660156
2023-03-08,SPY,383.468017578125
2023-03-09,SPY,376.3930358886719
2023-03-10,SPY,370.9619140625
2023-03-13,SPY,370.4331970214844
2023-03-14,SPY,376.5565185546875
2023-03-15,SPY,374.20135498046875
2023-03-16,SPY,380.766845703125
2023-03-17,SPY,376.3146057128906
2023-03-20,SPY,379.9331359863281
2023-03-21,SPY,384.92181396484375
2023-03-22,SPY,378.36029052734375
2023-03-23,SPY,379.3830871582031
2023-03-24,SPY,381.8727111816406
2023-03-27,SPY,382.586669921875
2023-03-28,SPY,381.7279357910156
2023-03-29,SPY,387.27630615234375
2023-03-30,SPY,389.5439147949219
2023-03-31,SPY,395.0343322753906
2023-04-03,SPY,396.5396728515625
2023-04-04,SPY,394.3396911621094
2023-04-05,SPY,393.3070983886719
2023-04-06,SPY,394.8413391113281
2023-04-10,SPY,395.24658203125
2023-04-11,SPY,395.352783203125
2023-04-12,SPY,393.7413330078125
2023-04-13,SPY,398.9712829589844
2023-04-14,SPY,397.9967346191406
2023-04-17,SPY,399.42474365234375
2023-04-18,SPY,399.6852722167969
2023-04-19,SPY,399.61773681640625
2023-04-20,SPY,397.4370422363281
2023-04-21,SPY,397.745849609375
2023-04-24,SPY,398.16064453125
2023-04-25,SPY,391.84039306640625
2023-04-26,SPY,390.18072509765625
2023-04-27,SPY,397.9484558105469
2023-04-28,SPY,401.34503173828125
2023-05-01,SPY,400.9397888183594
2023-05-02,SPY,396.4335021972656
2023-05-03,SPY,393.71240234375
2023-05-04,SPY,390.9236755371094
2023-05-05,SPY,398.16064453125
2023-05-08,SPY,398.2668762207031
2023-05-09,SPY,396.52032470703125
2023-05-10,SPY,398.37298583984375
2023-05-11,SPY,397.6782531738281
2023-05-12,SPY,397.1571960449219
2023-05-15,SPY,398.5274353027344
2023-05-16,SPY,395.86419677734375
2023-05-17,SPY,400.6695556640625
2023-05-18,SPY,404.5293273925781
2023-05-19,SPY,403.9407043457031
2023-05-22,SPY,404.10467529296875
2023-05-23,SPY,399.56951904296875
2023-05-24,SPY,396.6747131347656
2023-05-25,SPY,400.10986328125
2023-05-26,SPY,405.2915954589844
2023-05-30,SPY,405.4459533691406
2023-05-31,SPY,403.19769287109375
2023-06-01,SPY,407.0284729003906
2023-06-02,SPY,412.9146423339844
2023-06-05,SPY,412.1233215332031
2023-06-06,SPY,413.020751953125
2023-06-07,SPY,411.59259033203125
2023-06-08,SPY,414.0821228027344
2023-06-09,SPY,414.8251647949219
2023-06-12,SPY,418.5883483886719
2023-06-13,SPY,421.34808349609375
2023-06-14,SPY,421.8498229980469
2023-06-15,SPY,427.07977294921875
2023-06-16,SPY,425.6250915527344
2023-06-20,SPY,423.4168701171875
2023-06-21,SPY,421.2474365234375
2023-06-22,SPY,422.7679443359375
2023-06-23,SPY,419.5718078613281
2023-06-26,SPY,417.8575744628906
2023-06-27,SPY,422.43865966796875
2023-06-28,SPY,422.6517639160156
2023-06-29,SPY,424.317626953125
2023-06-30,SPY,429.3248291015625
2023-07-03,SPY,429.8188171386719
2023-07-05,SPY,429.1795959472656
2023-07-06,SPY,425.81878662109375
2023-07-07,SPY,424.7437438964844
2023-07-10,SPY,425.81878662109375
2023-07-11,SPY,428.5306396484375
2023-07-12,SPY,431.978515625
2023-07-13,SPY,435.4071044921875
2023-07-14,SPY,435.13592529296875
2023-07-17,SPY,436.64678955078125
2023-07-18,SPY,439.891357421875
2023-07-19,SPY,440.86956787109375
2023-07-20,SPY,437.9446105957031
2023-07-21,SPY,437.9446105957031
2023-07-24,SPY,439.90106201171875
2023-07-25,SPY,441.1019592285156
2023-07-26,SPY,441.1697998046875
2023-07-27,SPY,438.2448425292969
2023-07-28,SPY,442.535400390625
2023-07-31,SPY,443.3780822753906
2023-08-01,SPY,442.1092834472656
2023-08-02,SPY,435.9591979980469
2023-08-03,SPY,434.70977783203125
2023-08-04,SPY,432.74365234375
2023-08-07,SPY,436.5209045410156
2023-08-08,SPY,434.6226501464844
2023-08-09,SPY,431.717041015625
2023-08-10,SPY,431.8720397949219
2023-08-11,SPY,431.62017822265625
2023-08-14,SPY,434.00274658203125
2023-08-15,SPY,428.9471435546875
2023-08-16,SPY,425.7994689941406
2023-08-17,SPY,422.554931640625
2023-08-18,SPY,422.7582702636719
2023-08-21,SPY,425.50885009765625
2023-08-22,SPY,424.3563232421875
2023-08-23,SPY,429.08270263671875
2023-08-24,SPY,423.1360168457031
2023-08-25,SPY,426.1189880371094
2023-08-28,SPY,428.8211975097656
2023-08-29,SPY,435.0196533203125
2023-08-30,SPY,436.8115234375
2023-08-31,SPY,436.1722106933594
2023-09-01,SPY,436.9858093261719
2023-09-05,SPY,435.09716796875
2023-09-06,SPY,432.17230224609375
2023-09-07,SPY,430.84539794921875
2023-09-08,SPY,431.4942932128906
2023-09-11,SPY,434.3320617675781
2023-09-12,SPY,431.94952392578125
2023-09-13,SPY,432.4531555175781
2023-09-14,SPY,436.181884765625
2023-09-15,SPY,430.9266662597656
2023-09-18,SPY,431.1793518066406
2023-09-19,SPY,430.2851867675781
2023-09-20,SPY,426.3294372558594
2023-09-21,SPY,419.2828674316406
2023-09-22,SPY,418.3401184082031
2023-09-25,SPY,420.099365234375
2023-09-26,SPY,413.9275207519531
2023-09-27,SPY,414.0927429199219
2023-09-28,SPY,416.49346923828125
2023-09-29,SPY,415.48260498046875
2023-10-02,SPY,415.3173828125
2023-10-03,SPY,409.7579345703125
2023-10-04,SPY,412.74176025390625
2023-10-05,SPY,412.5863037109375
2023-10-06,SPY,417.4848327636719
2023-10-09,SPY,420.15765380859375
2023-10-10,SPY,422.344482421875
2023-10-11,SPY,424.0745544433594
2023-10-12,SPY,421.48919677734375
2023-10-13,SPY,419.3898010253906
2023-10-16,SPY,423.80242919921875
2023-10-17,SPY,423.782958984375
2023-10-18,SPY,418.135986328125
2023-10-19,SPY,414.4621276855469
2023-10-20,SPY,409.369140625
2023-10-23,SPY,408.6596374511719
2023-10-24,SPY,411.7406921386719
2023-10-25,SPY,405.8313293457031
2023-10-26,SPY,400.9716491699219
2023-10-27,SPY,399.1541442871094
2023-10-30,SPY,403.9263610839844
2023-10-31,SPY,406.46307373046875
2023-11-01,SPY,410.7979431152344
2023-11-02,SPY,418.67059326171875
2023-11-03,SPY,422.4903259277344
2023-11-06,SPY,423.46221923828125
2023-11-07,SPY,424.6673889160156
2023-11-08,SPY,424.9783935546875
2023-11-09,SPY,421.6640930175781
2023-11-10,SPY,428.244140625
2023-11-13,SPY,427.8359069824219
2023-11-14,SPY,436.13623046875
2023-11-15,SPY,437.0596008300781
2023-11-16,SPY,437.59417724609375
2023-11-17,SPY,438.138427734375
2023-11-20,SPY,441.51104736328125
2023-11-21,SPY,440.5487976074219
2023-11-22,SPY,442.2497253417969
2023-11-24,SPY,442.5218200683594
2023-11-27,SPY,441.7248840332031
2023-11-28,SPY,442.1622619628906
2023-11-29,SPY,441.8511962890625
2023-11-30,SPY,443.5909729003906
2023-12-01,SPY,446.2152404785156
2023-12-04,SPY,443.8728332519531
2023-12-05,SPY,443.7853698730469
2023-12-06,SPY,441.9970703125
2023-12-07,SPY,445.36962890625
2023-12-08,SPY,447.2843322753906
2023-12-11,SPY,449.02410888671875
2023-12-12,SPY,451.07489013671875
2023-12-13,SPY,457.2952575683594
2023-12-14,SPY,458.7628479003906
2023-12-15,SPY,458.00750732421875
2023-12-18,SPY,460.5838317871094
2023-12-19,SPY,463.3846130371094
2023-12-20,SPY,456.96337890625
2023-12-21,SPY,461.2962951660156
2023-12-22,SPY,462.22332763671875
2023-12-26,SPY,464.1750183105469
2023-12-27,SPY,465.0143737792969
2023-12-28,SPY,465.1899719238281
2023-12-29,SPY,463.84332275390625
2024-01-02,SPY,461.2474670410156
2024-01-03,SPY,457.48052978515625
2024-01-04,SPY,456.0069885253906
2024-01-05,SPY,456.631591796875
2024-01-08,SPY,463.150390625
2024-01-09,SPY,462.44775390625
2024-01-10,SPY,465.0630798339844
2024-01-11,SPY,464.85821533203125
2024-01-12,SPY,465.1802062988281
2024-01-16,SPY,463.4724426269531
2024-01-17,SPY,460.8961486816406
2024-01-18,SPY,464.99481201171875
2024-01-19,SPY,470.79150390625
2024-01-22,SPY,471.7868957519531
2024-01-23,SPY,473.1628723144531
2024-01-24,SPY,473.6801452636719
2024-01-25,SPY,476.2564392089844
2024-01-26,SPY,475.6513977050781
2024-01-29,SPY,479.4182434082031
2024-01-30,SPY,479.04742431640625
2024-01-31,SPY,471.2306823730469
2024-02-01,SPY,477.398193359375
2024-02-02,SPY,482.4239196777344
2024-02-05,SPY,480.6673583984375
2024-02-06,SPY,482.06292724609375
2024-02-07,SPY,486.0834655761719
2024-02-08,SPY,486.2981872558594
2024-02-09,SPY,489.1086730957031
2024-02-12,SPY,488.8940124511719
2024-02-13,SPY,482.16046142578125
2024-02-14,SPY,486.5421447753906
2024-02-15,SPY,489.899169921875
2024-02-16,SPY,487.4594421386719
2024-02-20,SPY,484.7757873535156
2024-02-21,SPY,485.2149963378906
2024-02-22,SPY,495.2567138671875
2024-02-23,SPY,495.5982666015625
2024-02-26,SPY,493.7831726074219
2024-02-27,SPY,494.7004089355469
2024-02-28,SPY,494.046630859375
2024-02-29,SPY,495.82275390625
2024-03-01,SPY,500.4776306152344
2024-03-04,SPY,499.9408874511719
2024-03-05,SPY,494.9444274902344
2024-03-06,SPY,497.4524230957031
2024-03-07,SPY,502.39031982421875
2024-03-08,SPY,499.37493896484375
2024-03-11,SPY,498.9455261230469
2024-03-12,SPY,504.3128662109375
2024-03-13,SPY,503.5223388671875
2024-03-14,SPY,502.5269775390625
2024-03-15,SPY,499.07635498046875
2024-03-18,SPY,502.04241943359375
2024-03-19,SPY,504.83233642578125
2024-03-20,SPY,509.501708984375
2024-03-21,SPY,511.18548583984375
2024-03-22,SPY,510.2162780761719
2024-03-25,SPY,508.80670166015625
2024-03-26,SPY,507.86688232421875
2024-03-27,SPY,512.13494873046875
2024-03-28,SPY,512.03704833984375
2024-04-01,SPY,511.1462707519531
2024-04-02,SPY,507.8963623046875
2024-04-03,SPY,508.4542236328125
2024-04-04,SPY,502.24798583984375
2024-04-05,SPY,507.4949035644531
2024-04-08,SPY,507.77880859375
2024-04-09,SPY,508.3662109375
2024-04-10,SPY,503.2758483886719
2024-04-11,SPY,507.07403564453125
2024-04-12,SPY,500.0747985839844
2024-04-15,SPY,493.8098449707031
2024-04-16,SPY,492.9092102050781
2024-04-17,SPY,489.9920959472656
2024-04-18,SPY,488.9837951660156
2024-04-19,SPY,484.7158203125
2024-04-22,SPY,489.1795654296875
2024-04-23,SPY,494.9844970703125
2024-04-24,SPY,494.7495422363281
2024-04-25,SPY,492.8700256347656
2024-04-26,SPY,497.5394592285156
2024-04-29,SPY,499.301513671875
2024-04-30,SPY,491.3919372558594
2024-05-01,SPY,489.79632568359375
2024-05-02,SPY,494.37762451171875
2024-05-03,SPY,500.50555419921875
2024-05-06,SPY,505.6741638183594
2024-05-07,SPY,506.2321472167969
2024-05-08,SPY,506.2810974121094
2024-05-09,SPY,509.1982421875
2024-05-10,SPY,509.8541259765625
2024-05-13,SPY,509.9226379394531
2024-05-14,SPY,512.26220703125
2024-05-15,SPY,518.60552978515625
2024-05-16,SPY,517.53851318359375
2024-05-17,SPY,518.282470703125
2024-05-20,SPY,518.879638671875
2024-05-21,SPY,520.1522216796875
2024-05-22,SPY,518.654541015625
2024-05-23,SPY,514.8660888671875
2024-05-24,SPY,518.27276611328125
2024-05-28,SPY,518.635009765625
2024-05-29,SPY,515.003173828125
2024-05-30,SPY,511.5867004394531
2024-05-31,SPY,516.246337890625
2024-06-03,SPY,516.66717529296875
2024-06-04,SPY,517.24493408203125
2024-06-05,SPY,523.3924560546875
2024-06-06,SPY,523.38250732421875
2024-06-07,SPY,522.746337890625
2024-06-10,SPY,524.36151123046875
2024-06-11,SPY,525.624267578125
2024-06-12,SPY,529.9412841796875
2024-06-13,SPY,531.00830078125
2024-06-14,SPY,531.331298828125
2024-06-17,SPY,535.5601806640625
2024-06-18,SPY,536.92083740234375
2024-06-20,SPY,535.46234130859375
2024-06-21,SPY,534.7445068359375
2024-06-24,SPY,533.00616455078125
2024-06-25,SPY,535.0587158203125
2024-06-26,SPY,535.7265625
2024-06-27,SPY,536.57110595703125
2024-06-28,SPY,534.45965576171875
2024-07-01,SPY,535.5595703125
2024-07-02,SPY,539.163818359375
2024-07-03,SPY,541.56988525390625
2024-07-05,SPY,544.69281005859375
2024-07-08,SPY,545.32135009765625
2024-07-09,SPY,545.85162353515625
2024-07-10,SPY,551.2529296875
2024-07-11,SPY,546.49969482421875
2024-07-12,SPY,549.94683837890625
2024-07-15,SPY,551.459228515625
2024-07-16,SPY,554.7293701171875
2024-07-17,SPY,546.95147705078125
2024-07-18,SPY,542.748291015625
2024-07-19,SPY,539.1441650390625
2024-07-22,SPY,544.70263671875
2024-07-23,SPY,543.84820556640625
2024-07-24,SPY,531.52325439453125
2024-07-25,SPY,528.75384521484375
2024-07-26,SPY,534.67578125
2024-07-29,SPY,534.98992919921875
2024-07-30,SPY,532.27947998046875
2024-07-31,SPY,540.93145751953125
2024-08-01,SPY,533.2713623046875
2024-08-02,SPY,523.3426513671875
2024-08-05,SPY,508.1010437011719
2024-08-06,SPY,512.78546142578125
2024-08-07,SPY,509.3580017089844
2024-08-08,SPY,521.133056640625
2024-08-09,SPY,523.4310302734375
2024-08-12,SPY,523.70611572265625
2024-08-13,SPY,532.3187255859375
2024-08-14,SPY,533.99810791015625
2024-08-15,SPY,543.15087890625
2024-08-16,SPY,544.36871337890625
2024-08-19,SPY,549.5736083984375
2024-08-20,SPY,548.679931640625
2024-08-21,SPY,550.5655517578125
2024-08-22,SPY,546.24444580078125
2024-08-23,SPY,552.04833984375
2024-08-26,SPY,550.73248291015625
2024-08-27,SPY,551.48870849609375
2024-08-28,SPY,548.287109375
2024-08-29,SPY,548.336181640625
2024-08-30,SPY,553.5706787109375
2024-09-03,SPY,542.1787109375
2024-09-04,SPY,541.0689697265625
2024-09-05,SPY,539.75299072265625
2024-09-06,SPY,530.66888427734375
2024-09-09,SPY,536.6103515625
2024-09-10,SPY,538.94769287109375
2024-09-11,SPY,544.4766845703125
2024-09-12,SPY,549.06292724609375
2024-09-13,SPY,551.93060302734375
2024-09-16,SPY,552.74566650390625
2024-09-17,SPY,552.97161865234375
2024-09-18,SPY,551.33154296875
2024-09-19,SPY,560.7396240234375
2024-09-20,SPY,559.7703857421875
2024-09-23,SPY,561.169189453125
2024-09-24,SPY,562.77490234375
2024-09-25,SPY,561.53363037109375
2024-09-26,SPY,563.760009765625
2024-09-27,SPY,562.94232177734375
2024-09-30,SPY,565.19818115234375
2024-10-01,SPY,560.1348876953125
2024-10-02,SPY,560.371337890625
2024-10-03,SPY,559.3468017578125
2024-10-04,SPY,564.4298095703125
2024-10-07,SPY,559.3270263671875
2024-10-08,SPY,564.61700439453125
2024-10-09,SPY,568.52783203125
2024-10-10,SPY,567.5328369140625
2024-10-11,SPY,570.9312744140625
2024-10-14,SPY,575.6005859375
2024-10-15,SPY,571.12835693359375
2024-10-16,SPY,573.6107177734375
2024-10-17,SPY,573.65997314453125
2024-10-18,SPY,575.8665771484375
2024-10-21,SPY,574.9208984375
2024-10-22,SPY,574.61553955078125
2024-10-23,SPY,569.36505126953125
2024-10-24,SPY,570.596435546875
2024-10-25,SPY,570.39935302734375
2024-10-28,SPY,572.16265869140625
2024-10-29,SPY,573.088623046875
2024-10-30,SPY,571.35498046875
2024-10-31,SPY,560.15460205078125
2024-11-01,SPY,562.51873779296875
2024-11-04,SPY,561.30706787109375
2024-11-05,SPY,568.0943603515625
2024-11-06,SPY,582.22039794921875
2024-11-07,SPY,586.72210693359375
2024-11-08,SPY,589.26373291015625
2024-11-11,SPY,589.8250732421875
2024-11-12,SPY,587.99298095703125
2024-11-13,SPY,588.278564453125
2024-11-14,SPY,584.49578857421875
2024-11-15,SPY,577.0091552734375
2024-11-18,SPY,579.37347412109375
2024-11-19,SPY,581.4913330078125
2024-11-20,SPY,581.68841552734375
2024-11-21,SPY,584.81109619140625
2024-11-22,SPY,586.6236572265625
2024-11-25,SPY,588.61346435546875
2024-11-26,SPY,591.68695068359375
2024-11-27,SPY,589.89410400390625
2024-11-29,SPY,593.55859375
2024-12-02,SPY,594.62249755859375
2024-12-03,SPY,594.898193359375
2024-12-04,SPY,598.59234619140625
2024-12-05,SPY,597.607177734375
2024-12-06,SPY,598.74005126953125
2024-12-09,SPY,595.65673828125
2024-12-10,SPY,593.8048095703125
2024-12-11,SPY,598.395263671875
2024-12-12,SPY,595.31201171875
2024-12-13,SPY,595.19384765625
2024-12-16,SPY,597.73529052734375
2024-12-17,SPY,595.2725830078125
2024-12-18,SPY,577.53143310546875
2024-12-19,SPY,577.35400390625
2024-12-20,SPY,584.2886962890625
2024-12-23,SPY,587.78759765625
2024-12-24,SPY,594.32073974609375
2024-12-26,SPY,594.36041259765625
2024-12-27,SPY,588.103759765625
2024-12-30,SPY,581.392578125
2024-12-31,SPY,579.27740478515625
2025-01-02,SPY,577.85418701171875
2025-01-03,SPY,585.079345703125
2025-01-06,SPY,588.44970703125
2025-01-07,SPY,581.7978515625
2025-01-08,SPY,582.64788818359375
2025-01-10,SPY,573.75225830078125
2025-01-13,SPY,574.64190673828125
2025-01-14,SPY,575.43255615234375
2025-01-15,SPY,585.89971923828125
2025-01-16,SPY,584.77294921875
2025-01-17,SPY,590.64404296875
2025-01-21,SPY,596.0504150390625
2025-01-22,SPY,599.401123046875
2025-01-23,SPY,602.6727294921875
2025-01-24,SPY,600.91326904296875
2025-01-27,SPY,592.4132080078125
2025-01-28,SPY,597.50347900390625
2025-01-29,SPY,594.82489013671875
2025-01-30,SPY,598.017333984375
2025-01-31,SPY,594.834716796875
2025-02-03,SPY,590.83172607421875
2025-02-04,SPY,594.795166015625
2025-02-05,SPY,597.20684814453125
2025-02-06,SPY,599.2825927734375
2025-02-07,SPY,593.7969970703125
2025-02-10,SPY,597.82958984375
2025-02-11,SPY,598.2843017578125
2025-02-12,SPY,596.3568115234375
2025-02-13,SPY,602.65289306640625
2025-02-14,SPY,602.623291015625
2025-02-18,SPY,604.3924560546875
2025-02-19,SPY,605.81585693359375
2025-02-20,SPY,603.29534912109375
2025-02-21,SPY,592.9765625
2025-02-24,SPY,590.2783203125
2025-02-25,SPY,587.34271240234375
2025-02-26,SPY,587.63922119140625
2025-02-27,SPY,578.2593994140625
2025-02-28,SPY,587.283447265625
2025-03-03,SPY,576.9942626953125
2025-03-04,SPY,570.16448974609375
2025-03-05,SPY,576.29248046875
2025-03-06,SPY,566.06256103515625
2025-03-07,SPY,569.2353515625
2025-03-10,SPY,554.07342529296875
2025-03-11,SPY,549.467529296875
2025-03-12,SPY,552.38330078125
2025-03-13,SPY,545.0196533203125
2025-03-14,SPY,556.27752685546875
2025-03-17,SPY,560.56719970703125
2025-03-18,SPY,554.50830078125
2025-03-19,SPY,560.54742431640625
2025-03-20,SPY,558.92645263671875
2025-03-21,SPY,559.11083984375
2025-03-24,SPY,569.1236572265625
2025-03-25,SPY,570.49169921875
2025-03-26,SPY,563.68109130859375
2025-03-27,SPY,562.18408203125
2025-03-28,SPY,550.8626708984375
2025-03-31,SPY,554.56048583984375
2025-04-01,SPY,556.1268310546875
2025-04-02,SPY,559.646240234375
2025-04-03,SPY,532.06640625
2025-04-04,SPY,500.9176330566406
2025-04-07,SPY,500.025390625
2025-04-08,SPY,492.1936340332031
2025-04-09,SPY,543.88348388671875
2025-04-10,SPY,520.05096435546875
2025-04-11,SPY,529.33013916015625
2025-04-14,SPY,534.4654541015625
2025-04-15,SPY,532.968505859375
2025-04-16,SPY,521.12164306640625
2025-04-17,SPY,521.86517333984375
2025-04-21,SPY,509.4433898925781
2025-04-22,SPY,522.69793701171875
2025-04-23,SPY,530.79736328125
2025-04-24,SPY,541.97015380859375
2025-04-25,SPY,545.88604736328125
2025-04-28,SPY,546.09423828125
2025-04-29,SPY,549.53424072265625
2025-04-30,SPY,549.7523193359375
2025-05-01,SPY,553.64837646484375
2025-05-02,SPY,561.8668212890625
2025-05-05,SPY,558.64483642578125
2025-05-06,SPY,553.9755859375
2025-05-07,SPY,556.3052978515625
2025-05-08,SPY,560.18157958984375
2025-05-09,SPY,559.46771240234375
2025-05-12,SPY,577.95672607421875
2025-05-13,SPY,581.77349853515625
2025-05-14,SPY,582.51702880859375
2025-05-15,SPY,585.36224365234375
2025-05-16,SPY,589.06988525390625
2025-05-19,SPY,589.71429443359375
2025-05-20,SPY,587.7315673828125
2025-05-21,SPY,577.82781982421875
2025-05-22,SPY,578.055908203125
2025-05-23,SPY,574.11016845703125
2025-05-27,SPY,586.04632568359375
2025-05-28,SPY,582.65582275390625
2025-05-29,SPY,584.95574951171875
2025-05-30,SPY,584.301513671875
2025-06-02,SPY,587.59283447265625
2025-06-03,SPY,590.943603515625
2025-06-04,SPY,590.7850341796875
2025-06-05,SPY,587.92987060546875
2025-06-06,SPY,593.96728515625
2025-06-09,SPY,594.50262451171875
2025-06-10,SPY,597.873291015625
2025-06-11,SPY,596.16815185546875
2025-06-12,SPY,598.5374755859375
2025-06-13,SPY,591.845703125
2025-06-16,SPY,597.47674560546875
2025-06-17,SPY,592.3712158203125
2025-06-18,SPY,592.281982421875
2025-06-20,SPY,590.8909912109375
2025-06-23,SPY,596.72747802734375
2025-06-24,SPY,603.31964111328125
2025-06-25,SPY,603.65771484375
2025-06-26,SPY,608.380615234375
2025-06-27,SPY,611.40325927734375
2025-06-30,SPY,614.32647705078125
2025-07-01,SPY,614.127685546875
2025-07-02,SPY,616.9117431640625
2025-07-03,SPY,621.77386474609375
2025-07-07,SPY,617.14031982421875
2025-07-08,SPY,616.8023681640625
2025-07-09,SPY,620.5010986328125
2025-07-10,SPY,622.25103759765625
2025-07-11,SPY,620.06365966796875
2025-07-14,SPY,621.246826171875
2025-07-15,SPY,618.592041015625
2025-07-16,SPY,620.66015625
2025-07-17,SPY,624.4583740234375
2025-07-18,SPY,624.00103759765625
2025-07-21,SPY,625.18426513671875
2025-07-22,SPY,625.27374267578125
2025-07-23,SPY,630.59320068359375
2025-07-24,SPY,630.802001953125
2025-07-25,SPY,633.46673583984375
2025-07-28,SPY,633.30767822265625
2025-07-29,SPY,631.63726806640625
2025-07-30,SPY,630.841796875
2025-07-31,SPY,628.475341796875
2025-08-01,SPY,618.17437744140625
2025-08-04,SPY,627.570556640625
2025-08-05,SPY,624.3887939453125
2025-08-06,SPY,629.17138671875
2025-08-07,SPY,628.6444091796875
2025-08-08,SPY,633.5462646484375
2025-08-11,SPY,632.29345703125
2025-08-12,SPY,639.02484130859375
2025-08-13,SPY,641.21234130859375
2025-08-14,SPY,641.27197265625
2025-08-15,SPY,639.77056884765625
2025-08-18,SPY,639.63140869140625
2025-08-19,SPY,636.1612548828125
2025-08-20,SPY,634.470947265625
2025-08-21,SPY,631.92559814453125
2025-08-22,SPY,641.62994384765625
2025-08-25,SPY,638.80609130859375
2025-08-26,SPY,641.48077392578125
2025-08-27,SPY,642.9423828125
2025-08-28,SPY,645.21929931640625
2025-08-29,SPY,641.37139892578125
2025-09-02,SPY,636.61871337890625
2025-09-03,SPY,640.06884765625
2025-09-04,SPY,645.418212890625
2025-09-05,SPY,643.54888916015625
2025-09-08,SPY,645.1298828125
2025-09-09,SPY,646.62127685546875
2025-09-10,SPY,648.49053955078125
2025-09-11,SPY,653.87969970703125
2025-09-12,SPY,653.66082763671875
2025-09-15,SPY,657.14093017578125
2025-09-16,SPY,656.23614501953125
2025-09-17,SPY,655.42083740234375
2025-09-18,SPY,658.48321533203125
2025-09-19,SPY,661.74462890625
2025-09-22,SPY,664.8753662109375
2025-09-23,SPY,661.256103515625
2025-09-24,SPY,659.1522216796875
2025-09-25,SPY,656.11126708984375
2025-09-26,SPY,659.87017822265625
2025-09-29,SPY,661.72467041015625
2025-09-30,SPY,664.21728515625
2025-10-01,SPY,666.48065185546875
2025-10-02,SPY,667.248291015625
2025-10-03,SPY,667.2384033203125
2025-10-06,SPY,669.63128662109375
2025-10-07,SPY,667.14862060546875
2025-10-08,SPY,671.12689208984375
2025-10-09,SPY,669.1826171875
2025-10-10,SPY,651.0960693359375
2025-10-13,SPY,661.0865478515625
2025-10-14,SPY,660.2789306640625
2025-10-15,SPY,663.21026611328125
2025-10-16,SPY,658.69366455078125
2025-10-17,SPY,662.4326171875
2025-10-20,SPY,669.32220458984375
2025-10-21,SPY,669.31219482421875
2025-10-22,SPY,665.83251953125
2025-10-23,SPY,669.7808837890625
2025-10-24,SPY,675.25469970703125
2025-10-27,SPY,683.22113037109375
2025-10-28,SPY,685.0357666015625
2025-10-29,SPY,685.36480712890625
2025-10-30,SPY,677.82708740234375
2025-10-31,SPY,680.050537109375
2025-11-03,SPY,681.3267822265625
2025-11-04,SPY,673.2506103515625
2025-11-05,SPY,675.583740234375
2025-11-06,SPY,668.33514404296875
2025-11-07,SPY,668.9931640625
2025-11-10,SPY,679.432373046875
2025-11-11,SPY,680.98773193359375
2025-11-12,SPY,681.36663818359375
2025-11-13,SPY,670.05999755859375
2025-11-14,SPY,669.95037841796875
2025-11-17,SPY,663.70880126953125
2025-11-18,SPY,658.13531494140625
2025-11-19,SPY,660.67779541015625
2025-11-20,SPY,650.6075439453125
2025-11-21,SPY,657.08837890625
2025-11-24,SPY,666.759765625
2025-11-25,SPY,673.03125
2025-11-26,SPY,677.67755126953125
2025-11-28,SPY,681.3765869140625
2025-12-01,SPY,678.26580810546875
2025-12-02,SPY,679.5220947265625
2025-12-03,SPY,681.8751220703125
2025-12-04,SPY,682.3736572265625
2025-12-05,SPY,683.6697998046875
2025-12-08,SPY,681.61590576171875
2025-12-09,SPY,681.027587890625
2025-12-10,SPY,685.5443115234375
2025-12-11,SPY,687.1395263671875
2025-12-12,SPY,679.75140380859375
2025-12-15,SPY,678.72442626953125
2025-12-16,SPY,676.86993408203125
2025-12-17,SPY,669.42193603515625
2025-12-18,SPY,674.4769287109375
2025-12-19,SPY,680.59002685546875
2025-12-22,SPY,684.83001708984375
2025-12-23,SPY,687.96002197265625
2025-12-24,SPY,690.3800048828125
2025-12-26,SPY,690.30999755859375
2025-12-29,SPY,687.8499755859375
2025-12-30,SPY,687.010009765625
2025-12-31,SPY,681.91998291015625
2026-01-02,SPY,683.16998291015625
2026-01-05,SPY,687.719970703125
2026-01-06,SPY,691.80999755859375
2026-01-07,SPY,689.58001708984375
2026-01-08,SPY,689.510009765625
2026-01-09,SPY,694.07000732421875
2026-01-12,SPY,695.15997314453125
2026-01-13,SPY,693.77001953125
2026-01-14,SPY,690.3599853515625
2026-01-15,SPY,692.239990234375
2026-01-16,SPY,691.65997314453125
2026-01-20,SPY,677.58001708984375
2026-01-21,SPY,685.4000244140625
2026-01-22,SPY,688.97998046875
2026-01-23,SPY,689.22998046875
2026-01-26,SPY,692.72998046875
2026-01-27,SPY,695.489990234375
2026-01-28,SPY,695.41998291015625
2026-01-29,SPY,694.03997802734375
2026-01-30,SPY,691.969970703125
2023-01-03,^VIX,22.899999618530273
2023-01-04,^VIX,22.010000228881836
2023-01-05,^VIX,22.459999084472656
2023-01-06,^VIX,21.1299991607666
2023-01-09,^VIX,21.969999313354492
2023-01-10,^VIX,20.579999923706055
2023-01-11,^VIX,21.09000015258789
2023-01-12,^VIX,18.829999923706055
2023-01-13,^VIX,18.350000381469727
2023-01-16,^VIX,NA
2023-01-17,^VIX,19.360000610351562
2023-01-18,^VIX,20.34000015258789
2023-01-19,^VIX,20.520000457763672
2023-01-20,^VIX,19.850000381469727
2023-01-23,^VIX,19.809999465942383
2023-01-24,^VIX,19.200000762939453
2023-01-25,^VIX,19.079999923706055
2023-01-26,^VIX,18.729999542236328
2023-01-27,^VIX,18.510000228881836
2023-01-30,^VIX,19.940000534057617
2023-01-31,^VIX,19.399999618530273
2023-02-01,^VIX,17.8700008392334
2023-02-02,^VIX,18.729999542236328
2023-02-03,^VIX,18.329999923706055
2023-02-06,^VIX,19.43000030517578
2023-02-07,^VIX,18.65999984741211
2023-02-08,^VIX,19.6299991607666
2023-02-09,^VIX,20.709999084472656
2023-02-10,^VIX,20.530000686645508
2023-02-13,^VIX,20.34000015258789
2023-02-14,^VIX,18.90999984741211
2023-02-15,^VIX,18.229999542236328
2023-02-16,^VIX,20.170000076293945
2023-02-17,^VIX,20.020000457763672
2023-02-20,^VIX,NA
2023-02-21,^VIX,22.8700008392334
2023-02-22,^VIX,22.290000915527344
2023-02-23,^VIX,21.139999389648438
2023-02-24,^VIX,21.670000076293945
2023-02-27,^VIX,20.950000762939453
2023-02-28,^VIX,20.700000762939453
2023-03-01,^VIX,20.579999923706055
2023-03-02,^VIX,19.59000015258789
2023-03-03,^VIX,18.489999771118164
2023-03-06,^VIX,18.610000610351562
2023-03-07,^VIX,19.59000015258789
2023-03-08,^VIX,19.110000610351562
2023-03-09,^VIX,22.610000610351562
2023-03-10,^VIX,24.799999237060547
2023-03-13,^VIX,26.520000457763672
2023-03-14,^VIX,23.729999542236328
2023-03-15,^VIX,26.139999389648438
2023-03-16,^VIX,22.989999771118164
2023-03-17,^VIX,25.510000228881836
2023-03-20,^VIX,24.149999618530273
2023-03-21,^VIX,21.3799991607666
2023-03-22,^VIX,22.260000228881836
2023-03-23,^VIX,22.610000610351562
2023-03-24,^VIX,21.739999771118164
2023-03-27,^VIX,20.600000381469727
2023-03-28,^VIX,19.969999313354492
2023-03-29,^VIX,19.1200008392334
2023-03-30,^VIX,19.020000457763672
2023-03-31,^VIX,18.700000762939453
2023-04-03,^VIX,18.549999237060547
2023-04-04,^VIX,19
2023-04-05,^VIX,19.079999923706055
2023-04-06,^VIX,18.399999618530273
2023-04-07,^VIX,NA
2023-04-10,^VIX,18.969999313354492
2023-04-11,^VIX,19.100000381469727
2023-04-12,^VIX,19.09000015258789
2023-04-13,^VIX,17.799999237060547
2023-04-14,^VIX,17.06999969482422
2023-04-17,^VIX,16.950000762939453
2023-04-18,^VIX,16.829999923706055
2023-04-19,^VIX,16.459999084472656
2023-04-20,^VIX,17.170000076293945
2023-04-21,^VIX,16.770000457763672
2023-04-24,^VIX,16.889999389648438
2023-04-25,^VIX,18.760000228881836
2023-04-26,^VIX,18.84000015258789
2023-04-27,^VIX,17.030000686645508
2023-04-28,^VIX,15.779999732971191
2023-05-01,^VIX,16.079999923706055
2023-05-02,^VIX,17.780000686645508
2023-05-03,^VIX,18.34000015258789
2023-05-04,^VIX,20.09000015258789
2023-05-05,^VIX,17.190000534057617
2023-05-08,^VIX,16.979999542236328
2023-05-09,^VIX,17.709999084472656
2023-05-10,^VIX,16.940000534057617
2023-05-11,^VIX,16.93000030517578
2023-05-12,^VIX,17.030000686645508
2023-05-15,^VIX,17.1200008392334
2023-05-16,^VIX,17.989999771118164
2023-05-17,^VIX,16.8700008392334
2023-05-18,^VIX,16.049999237060547
2023-05-19,^VIX,16.809999465942383
2023-05-22,^VIX,17.209999084472656
2023-05-23,^VIX,18.530000686645508
2023-05-24,^VIX,20.030000686645508
2023-05-25,^VIX,19.139999389648438
2023-05-26,^VIX,17.950000762939453
2023-05-29,^VIX,NA
2023-05-30,^VIX,17.459999084472656
2023-05-31,^VIX,17.940000534057617
2023-06-01,^VIX,15.649999618530273
2023-06-02,^VIX,14.600000381469727
2023-06-05,^VIX,14.729999542236328
2023-06-06,^VIX,13.960000038146973
2023-06-07,^VIX,13.9399995803833
2023-06-08,^VIX,13.649999618530273
2023-06-09,^VIX,13.829999923706055
2023-06-12,^VIX,15.010000228881836
2023-06-13,^VIX,14.609999656677246
2023-06-14,^VIX,13.880000114440918
2023-06-15,^VIX,14.5
2023-06-16,^VIX,13.539999961853027
2023-06-19,^VIX,NA
2023-06-20,^VIX,13.880000114440918
2023-06-21,^VIX,13.199999809265137
2023-06-22,^VIX,12.90999984741211
2023-06-23,^VIX,13.4399995803833
2023-06-26,^VIX,14.25
2023-06-27,^VIX,13.739999771118164
2023-06-28,^VIX,13.430000305175781
2023-06-29,^VIX,13.539999961853027
2023-06-30,^VIX,13.59000015258789
2023-07-03,^VIX,13.569999694824219
2023-07-04,^VIX,NA
2023-07-05,^VIX,14.180000305175781
2023-07-06,^VIX,15.4399995803833
2023-07-07,^VIX,14.829999923706055
2023-07-10,^VIX,15.069999694824219
2023-07-11,^VIX,14.84000015258789
2023-07-12,^VIX,13.539999961853027
2023-07-13,^VIX,13.609999656677246
2023-07-14,^VIX,13.34000015258789
2023-07-17,^VIX,13.479999542236328
2023-07-18,^VIX,13.300000190734863
2023-07-19,^VIX,13.760000228881836
2023-07-20,^VIX,13.989999771118164
2023-07-21,^VIX,13.600000381469727
2023-07-24,^VIX,13.90999984741211
2023-07-25,^VIX,13.859999656677246
2023-07-26,^VIX,13.1899995803833
2023-07-27,^VIX,14.40999984741211
2023-07-28,^VIX,13.329999923706055
2023-07-31,^VIX,13.630000114440918
2023-08-01,^VIX,13.930000305175781
2023-08-02,^VIX,16.09000015258789
2023-08-03,^VIX,15.920000076293945
2023-08-04,^VIX,17.100000381469727
2023-08-07,^VIX,15.770000457763672
2023-08-08,^VIX,15.989999771118164
2023-08-09,^VIX,15.960000038146973
2023-08-10,^VIX,15.850000381469727
2023-08-11,^VIX,14.84000015258789
2023-08-14,^VIX,14.819999694824219
2023-08-15,^VIX,16.459999084472656
2023-08-16,^VIX,16.780000686645508
2023-08-17,^VIX,17.889999389648438
2023-08-18,^VIX,17.299999237060547
2023-08-21,^VIX,17.1299991607666
2023-08-22,^VIX,16.969999313354492
2023-08-23,^VIX,15.979999542236328
2023-08-24,^VIX,17.200000762939453
2023-08-25,^VIX,15.680000305175781
2023-08-28,^VIX,15.079999923706055
2023-08-29,^VIX,14.449999809265137
2023-08-30,^VIX,13.880000114440918
2023-08-31,^VIX,13.569999694824219
2023-09-01,^VIX,13.09000015258789
2023-09-04,^VIX,NA
2023-09-05,^VIX,14.010000228881836
2023-09-06,^VIX,14.449999809265137
2023-09-07,^VIX,14.399999618530273
2023-09-08,^VIX,13.84000015258789
2023-09-11,^VIX,13.800000190734863
2023-09-12,^VIX,14.229999542236328
2023-09-13,^VIX,13.479999542236328
2023-09-14,^VIX,12.819999694824219
2023-09-15,^VIX,13.789999961853027
2023-09-18,^VIX,14
2023-09-19,^VIX,14.109999656677246
2023-09-20,^VIX,15.140000343322754
2023-09-21,^VIX,17.540000915527344
2023-09-22,^VIX,17.200000762939453
2023-09-25,^VIX,16.899999618530273
2023-09-26,^VIX,18.940000534057617
2023-09-27,^VIX,18.219999313354492
2023-09-28,^VIX,17.34000015258789
2023-09-29,^VIX,17.520000457763672
2023-10-02,^VIX,17.610000610351562
2023-10-03,^VIX,19.780000686645508
2023-10-04,^VIX,18.579999923706055
2023-10-05,^VIX,18.489999771118164
2023-10-06,^VIX,17.450000762939453
2023-10-09,^VIX,17.700000762939453
2023-10-10,^VIX,17.030000686645508
2023-10-11,^VIX,16.09000015258789
2023-10-12,^VIX,16.690000534057617
2023-10-13,^VIX,19.31999969482422
2023-10-16,^VIX,17.209999084472656
2023-10-17,^VIX,17.8799991607666
2023-10-18,^VIX,19.219999313354492
2023-10-19,^VIX,21.399999618530273
2023-10-20,^VIX,21.709999084472656
2023-10-23,^VIX,20.3700008392334
2023-10-24,^VIX,18.969999313354492
2023-10-25,^VIX,20.190000534057617
2023-10-26,^VIX,20.68000030517578
2023-10-27,^VIX,21.270000457763672
2023-10-30,^VIX,19.75
2023-10-31,^VIX,18.139999389648438
2023-11-01,^VIX,16.8700008392334
2023-11-02,^VIX,15.65999984741211
2023-11-03,^VIX,14.90999984741211
2023-11-06,^VIX,14.890000343322754
2023-11-07,^VIX,14.8100004196167
2023-11-08,^VIX,14.449999809265137
2023-11-09,^VIX,15.289999961853027
2023-11-10,^VIX,14.170000076293945
2023-11-13,^VIX,14.760000228881836
2023-11-14,^VIX,14.15999984741211
2023-11-15,^VIX,14.180000305175781
2023-11-16,^VIX,14.319999694824219
2023-11-17,^VIX,13.800000190734863
2023-11-20,^VIX,13.40999984741211
2023-11-21,^VIX,13.350000381469727
2023-11-22,^VIX,12.850000381469727
2023-11-23,^VIX,NA
2023-11-24,^VIX,12.460000038146973
2023-11-27,^VIX,12.6899995803833
2023-11-28,^VIX,12.6899995803833
2023-11-29,^VIX,12.979999542236328
2023-11-30,^VIX,12.920000076293945
2023-12-01,^VIX,12.630000114440918
2023-12-04,^VIX,13.079999923706055
2023-12-05,^VIX,12.850000381469727
2023-12-06,^VIX,12.970000267028809
2023-12-07,^VIX,13.0600004196167
2023-12-08,^VIX,12.350000381469727
2023-12-11,^VIX,12.630000114440918
2023-12-12,^VIX,12.069999694824219
2023-12-13,^VIX,12.1899995803833
2023-12-14,^VIX,12.479999542236328
2023-12-15,^VIX,12.279999732971191
2023-12-18,^VIX,12.5600004196167
2023-12-19,^VIX,12.529999732971191
2023-12-20,^VIX,13.670000076293945
2023-12-21,^VIX,13.649999618530273
2023-12-22,^VIX,13.029999732971191
2023-12-25,^VIX,NA
2023-12-26,^VIX,12.989999771118164
2023-12-27,^VIX,12.430000305175781
2023-12-28,^VIX,12.470000267028809
2023-12-29,^VIX,12.449999809265137
2024-01-01,^VIX,NA
2024-01-02,^VIX,13.199999809265137
2024-01-03,^VIX,14.039999961853027
2024-01-04,^VIX,14.130000114440918
2024-01-05,^VIX,13.350000381469727
2024-01-08,^VIX,13.079999923706055
2024-01-09,^VIX,12.760000228881836
2024-01-10,^VIX,12.6899995803833
2024-01-11,^VIX,12.4399995803833
2024-01-12,^VIX,12.699999809265137
2024-01-15,^VIX,NA
2024-01-16,^VIX,13.84000015258789
2024-01-17,^VIX,14.789999961853027
2024-01-18,^VIX,14.130000114440918
2024-01-19,^VIX,13.300000190734863
2024-01-22,^VIX,13.1899995803833
2024-01-23,^VIX,12.550000190734863
2024-01-24,^VIX,13.140000343322754
2024-01-25,^VIX,13.449999809265137
2024-01-26,^VIX,13.260000228881836
2024-01-29,^VIX,13.600000381469727
2024-01-30,^VIX,13.3100004196167
2024-01-31,^VIX,14.350000381469727
2024-02-01,^VIX,13.880000114440918
2024-02-02,^VIX,13.850000381469727
2024-02-05,^VIX,13.670000076293945
2024-02-06,^VIX,13.0600004196167
2024-02-07,^VIX,12.829999923706055
2024-02-08,^VIX,12.789999961853027
2024-02-09,^VIX,12.930000305175781
2024-02-12,^VIX,13.930000305175781
2024-02-13,^VIX,15.850000381469727
2024-02-14,^VIX,14.380000114440918
2024-02-15,^VIX,14.010000228881836
2024-02-16,^VIX,14.239999771118164
2024-02-19,^VIX,NA
2024-02-20,^VIX,15.420000076293945
2024-02-21,^VIX,15.34000015258789
2024-02-22,^VIX,14.539999961853027
2024-02-23,^VIX,13.75
2024-02-26,^VIX,13.739999771118164
2024-02-27,^VIX,13.430000305175781
2024-02-28,^VIX,13.84000015258789
2024-02-29,^VIX,13.399999618530273
2024-03-01,^VIX,13.109999656677246
2024-03-04,^VIX,13.489999771118164
2024-03-05,^VIX,14.460000038146973
2024-03-06,^VIX,14.5
2024-03-07,^VIX,14.4399995803833
2024-03-08,^VIX,14.739999771118164
2024-03-11,^VIX,15.220000267028809
2024-03-12,^VIX,13.84000015258789
2024-03-13,^VIX,13.75
2024-03-14,^VIX,14.399999618530273
2024-03-15,^VIX,14.40999984741211
2024-03-18,^VIX,14.329999923706055
2024-03-19,^VIX,13.819999694824219
2024-03-20,^VIX,13.039999961853027
2024-03-21,^VIX,12.920000076293945
2024-03-22,^VIX,13.0600004196167
2024-03-25,^VIX,13.1899995803833
2024-03-26,^VIX,13.239999771118164
2024-03-27,^VIX,12.779999732971191
2024-03-28,^VIX,13.010000228881836
2024-03-29,^VIX,NA
2024-04-01,^VIX,13.649999618530273
2024-04-02,^VIX,14.609999656677246
2024-04-03,^VIX,14.329999923706055
2024-04-04,^VIX,16.350000381469727
2024-04-05,^VIX,16.030000686645508
2024-04-08,^VIX,15.1899995803833
2024-04-09,^VIX,14.979999542236328
2024-04-10,^VIX,15.800000190734863
2024-04-11,^VIX,14.90999984741211
2024-04-12,^VIX,17.309999465942383
2024-04-15,^VIX,19.229999542236328
2024-04-16,^VIX,18.399999618530273
2024-04-17,^VIX,18.209999084472656
2024-04-18,^VIX,18
2024-04-19,^VIX,18.709999084472656
2024-04-22,^VIX,16.940000534057617
2024-04-23,^VIX,15.6899995803833
2024-04-24,^VIX,15.970000267028809
2024-04-25,^VIX,15.369999885559082
2024-04-26,^VIX,15.029999732971191
2024-04-29,^VIX,14.670000076293945
2024-04-30,^VIX,15.649999618530273
2024-05-01,^VIX,15.390000343322754
2024-05-02,^VIX,14.680000305175781
2024-05-03,^VIX,13.489999771118164
2024-05-06,^VIX,13.489999771118164
2024-05-07,^VIX,13.229999542236328
2024-05-08,^VIX,13
2024-05-09,^VIX,12.6899995803833
2024-05-10,^VIX,12.550000190734863
2024-05-13,^VIX,13.600000381469727
2024-05-14,^VIX,13.420000076293945
2024-05-15,^VIX,12.449999809265137
2024-05-16,^VIX,12.420000076293945
2024-05-17,^VIX,11.989999771118164
2024-05-20,^VIX,12.149999618530273
2024-05-21,^VIX,11.859999656677246
2024-05-22,^VIX,12.289999961853027
2024-05-23,^VIX,12.770000457763672
2024-05-24,^VIX,11.930000305175781
2024-05-27,^VIX,NA
2024-05-28,^VIX,12.920000076293945
2024-05-29,^VIX,14.279999732971191
2024-05-30,^VIX,14.470000267028809
2024-05-31,^VIX,12.920000076293945
2024-06-03,^VIX,13.109999656677246
2024-06-04,^VIX,13.15999984741211
2024-06-05,^VIX,12.630000114440918
2024-06-06,^VIX,12.579999923706055
2024-06-07,^VIX,12.220000267028809
2024-06-10,^VIX,12.739999771118164
2024-06-11,^VIX,12.850000381469727
2024-06-12,^VIX,12.039999961853027
2024-06-13,^VIX,11.9399995803833
2024-06-14,^VIX,12.65999984741211
2024-06-17,^VIX,12.75
2024-06-18,^VIX,12.300000190734863
2024-06-19,^VIX,NA
2024-06-20,^VIX,13.279999732971191
2024-06-21,^VIX,13.199999809265137
2024-06-24,^VIX,13.329999923706055
2024-06-25,^VIX,12.84000015258789
2024-06-26,^VIX,12.550000190734863
2024-06-27,^VIX,12.239999771118164
2024-06-28,^VIX,12.4399995803833
2024-07-01,^VIX,12.220000267028809
2024-07-02,^VIX,12.029999732971191
2024-07-03,^VIX,12.09000015258789
2024-07-04,^VIX,NA
2024-07-05,^VIX,12.479999542236328
2024-07-08,^VIX,12.369999885559082
2024-07-09,^VIX,12.510000228881836
2024-07-10,^VIX,12.850000381469727
2024-07-11,^VIX,12.920000076293945
2024-07-12,^VIX,12.460000038146973
2024-07-15,^VIX,13.119999885559082
2024-07-16,^VIX,13.1899995803833
2024-07-17,^VIX,14.479999542236328
2024-07-18,^VIX,15.930000305175781
2024-07-19,^VIX,16.520000457763672
2024-07-22,^VIX,14.90999984741211
2024-07-23,^VIX,14.720000267028809
2024-07-24,^VIX,18.040000915527344
2024-07-25,^VIX,18.459999084472656
2024-07-26,^VIX,16.389999389648438
2024-07-29,^VIX,16.600000381469727
2024-07-30,^VIX,17.690000534057617
2024-07-31,^VIX,16.360000610351562
2024-08-01,^VIX,18.59000015258789
2024-08-02,^VIX,23.389999389648438
2024-08-05,^VIX,38.56999969482422
2024-08-06,^VIX,27.709999084472656
2024-08-07,^VIX,27.850000381469727
2024-08-08,^VIX,23.790000915527344
2024-08-09,^VIX,20.3700008392334
2024-08-12,^VIX,20.709999084472656
2024-08-13,^VIX,18.1200008392334
2024-08-14,^VIX,16.190000534057617
2024-08-15,^VIX,15.229999542236328
2024-08-16,^VIX,14.800000190734863
2024-08-19,^VIX,14.649999618530273
2024-08-20,^VIX,15.880000114440918
2024-08-21,^VIX,16.270000457763672
2024-08-22,^VIX,17.549999237060547
2024-08-23,^VIX,15.859999656677246
2024-08-26,^VIX,16.149999618530273
2024-08-27,^VIX,15.430000305175781
2024-08-28,^VIX,17.110000610351562
2024-08-29,^VIX,15.649999618530273
2024-08-30,^VIX,15
2024-09-02,^VIX,NA
2024-09-03,^VIX,20.719999313354492
2024-09-04,^VIX,21.31999969482422
2024-09-05,^VIX,19.899999618530273
2024-09-06,^VIX,22.3799991607666
2024-09-09,^VIX,19.450000762939453
2024-09-10,^VIX,19.079999923706055
2024-09-11,^VIX,17.690000534057617
2024-09-12,^VIX,17.06999969482422
2024-09-13,^VIX,16.559999465942383
2024-09-16,^VIX,17.139999389648438
2024-09-17,^VIX,17.610000610351562
2024-09-18,^VIX,18.229999542236328
2024-09-19,^VIX,16.329999923706055
2024-09-20,^VIX,16.149999618530273
2024-09-23,^VIX,15.890000343322754
2024-09-24,^VIX,15.390000343322754
2024-09-25,^VIX,15.40999984741211
2024-09-26,^VIX,15.369999885559082
2024-09-27,^VIX,16.959999084472656
2024-09-30,^VIX,16.729999542236328
2024-10-01,^VIX,19.260000228881836
2024-10-02,^VIX,18.899999618530273
2024-10-03,^VIX,20.489999771118164
2024-10-04,^VIX,19.209999084472656
2024-10-07,^VIX,22.639999389648438
2024-10-08,^VIX,21.420000076293945
2024-10-09,^VIX,20.860000610351562
2024-10-10,^VIX,20.93000030517578
2024-10-11,^VIX,20.459999084472656
2024-10-14,^VIX,19.700000762939453
2024-10-15,^VIX,20.639999389648438
2024-10-16,^VIX,19.579999923706055
2024-10-17,^VIX,19.110000610351562
2024-10-18,^VIX,18.030000686645508
2024-10-21,^VIX,18.3700008392334
2024-10-22,^VIX,18.200000762939453
2024-10-23,^VIX,19.239999771118164
2024-10-24,^VIX,19.079999923706055
2024-10-25,^VIX,20.329999923706055
2024-10-28,^VIX,19.799999237060547
2024-10-29,^VIX,19.34000015258789
2024-10-30,^VIX,20.350000381469727
2024-10-31,^VIX,23.15999984741211
2024-11-01,^VIX,21.8799991607666
2024-11-04,^VIX,21.979999542236328
2024-11-05,^VIX,20.489999771118164
2024-11-06,^VIX,16.270000457763672
2024-11-07,^VIX,15.199999809265137
2024-11-08,^VIX,14.9399995803833
2024-11-11,^VIX,14.970000267028809
2024-11-12,^VIX,14.710000038146973
2024-11-13,^VIX,14.020000457763672
2024-11-14,^VIX,14.3100004196167
2024-11-15,^VIX,16.139999389648438
2024-11-18,^VIX,15.579999923706055
2024-11-19,^VIX,16.350000381469727
2024-11-20,^VIX,17.15999984741211
2024-11-21,^VIX,16.8700008392334
2024-11-22,^VIX,15.239999771118164
2024-11-25,^VIX,14.600000381469727
2024-11-26,^VIX,14.100000381469727
2024-11-27,^VIX,14.100000381469727
2024-11-28,^VIX,NA
2024-11-29,^VIX,13.510000228881836
2024-12-02,^VIX,13.34000015258789
2024-12-03,^VIX,13.300000190734863
2024-12-04,^VIX,13.449999809265137
2024-12-05,^VIX,13.539999961853027
2024-12-06,^VIX,12.770000457763672
2024-12-09,^VIX,14.1899995803833
2024-12-10,^VIX,14.180000305175781
2024-12-11,^VIX,13.579999923706055
2024-12-12,^VIX,13.920000076293945
2024-12-13,^VIX,13.8100004196167
2024-12-16,^VIX,14.6899995803833
2024-12-17,^VIX,15.869999885559082
2024-12-18,^VIX,27.6200008392334
2024-12-19,^VIX,24.09000015258789
2024-12-20,^VIX,18.360000610351562
2024-12-23,^VIX,16.780000686645508
2024-12-24,^VIX,14.270000457763672
2024-12-25,^VIX,NA
2024-12-26,^VIX,14.729999542236328
2024-12-27,^VIX,15.949999809265137
2024-12-30,^VIX,17.399999618530273
2024-12-31,^VIX,17.350000381469727
2025-01-01,^VIX,NA
2025-01-02,^VIX,17.93000030517578
2025-01-03,^VIX,16.1299991607666
2025-01-06,^VIX,16.040000915527344
2025-01-07,^VIX,17.81999969482422
2025-01-08,^VIX,17.700000762939453
2025-01-09,^VIX,NA
2025-01-10,^VIX,19.540000915527344
2025-01-13,^VIX,19.190000534057617
2025-01-14,^VIX,18.709999084472656
2025-01-15,^VIX,16.1200008392334
2025-01-16,^VIX,16.600000381469727
2025-01-17,^VIX,15.970000267028809
2025-01-20,^VIX,NA
2025-01-21,^VIX,15.0600004196167
2025-01-22,^VIX,15.100000381469727
2025-01-23,^VIX,15.020000457763672
2025-01-24,^VIX,14.850000381469727
2025-01-27,^VIX,17.899999618530273
2025-01-28,^VIX,16.40999984741211
2025-01-29,^VIX,16.559999465942383
2025-01-30,^VIX,15.84000015258789
2025-01-31,^VIX,16.43000030517578
2025-02-03,^VIX,18.6200008392334
2025-02-04,^VIX,17.209999084472656
2025-02-05,^VIX,15.770000457763672
2025-02-06,^VIX,15.5
2025-02-07,^VIX,16.540000915527344
2025-02-10,^VIX,15.8100004196167
2025-02-11,^VIX,16.020000457763672
2025-02-12,^VIX,15.890000343322754
2025-02-13,^VIX,15.100000381469727
2025-02-14,^VIX,14.770000457763672
2025-02-17,^VIX,NA
2025-02-18,^VIX,15.350000381469727
2025-02-19,^VIX,15.270000457763672
2025-02-20,^VIX,15.65999984741211
2025-02-21,^VIX,18.209999084472656
2025-02-24,^VIX,18.979999542236328
2025-02-25,^VIX,19.43000030517578
2025-02-26,^VIX,19.100000381469727
2025-02-27,^VIX,21.1299991607666
2025-02-28,^VIX,19.6299991607666
2025-03-03,^VIX,22.780000686645508
2025-03-04,^VIX,23.510000228881836
2025-03-05,^VIX,21.93000030517578
2025-03-06,^VIX,24.8700008392334
2025-03-07,^VIX,23.3700008392334
2025-03-10,^VIX,27.860000610351562
2025-03-11,^VIX,26.920000076293945
2025-03-12,^VIX,24.229999542236328
2025-03-13,^VIX,24.65999984741211
2025-03-14,^VIX,21.770000457763672
2025-03-17,^VIX,20.510000228881836
2025-03-18,^VIX,21.700000762939453
2025-03-19,^VIX,19.899999618530273
2025-03-20,^VIX,19.799999237060547
2025-03-21,^VIX,19.280000686645508
2025-03-24,^VIX,17.479999542236328
2025-03-25,^VIX,17.149999618530273
2025-03-26,^VIX,18.329999923706055
2025-03-27,^VIX,18.690000534057617
2025-03-28,^VIX,21.649999618530273
2025-03-31,^VIX,22.280000686645508
2025-04-01,^VIX,21.770000457763672
2025-04-02,^VIX,21.510000228881836
2025-04-03,^VIX,30.020000457763672
2025-04-04,^VIX,45.310001373291016
2025-04-07,^VIX,46.97999954223633
2025-04-08,^VIX,52.33000183105469
2025-04-09,^VIX,33.619998931884766
2025-04-10,^VIX,40.720001220703125
2025-04-11,^VIX,37.560001373291016
2025-04-14,^VIX,30.889999389648438
2025-04-15,^VIX,30.1200008392334
2025-04-16,^VIX,32.63999938964844
2025-04-17,^VIX,29.649999618530273
2025-04-18,^VIX,NA
2025-04-21,^VIX,33.81999969482422
2025-04-22,^VIX,30.56999969482422
2025-04-23,^VIX,28.450000762939453
2025-04-24,^VIX,26.469999313354492
2025-04-25,^VIX,24.84000015258789
2025-04-28,^VIX,25.149999618530273
2025-04-29,^VIX,24.170000076293945
2025-04-30,^VIX,24.700000762939453
2025-05-01,^VIX,24.600000381469727
2025-05-02,^VIX,22.68000030517578
2025-05-05,^VIX,23.639999389648438
2025-05-06,^VIX,24.760000228881836
2025-05-07,^VIX,23.549999237060547
2025-05-08,^VIX,22.479999542236328
2025-05-09,^VIX,21.899999618530273
2025-05-12,^VIX,18.389999389648438
2025-05-13,^VIX,18.219999313354492
2025-05-14,^VIX,18.6200008392334
2025-05-15,^VIX,17.829999923706055
2025-05-16,^VIX,17.239999771118164
2025-05-19,^VIX,18.139999389648438
2025-05-20,^VIX,18.09000015258789
2025-05-21,^VIX,20.8700008392334
2025-05-22,^VIX,20.280000686645508
2025-05-23,^VIX,22.290000915527344
2025-05-26,^VIX,NA
2025-05-27,^VIX,18.959999084472656
2025-05-28,^VIX,19.309999465942383
2025-05-29,^VIX,19.18000030517578
2025-05-30,^VIX,18.56999969482422
2025-06-02,^VIX,18.360000610351562
2025-06-03,^VIX,17.690000534057617
2025-06-04,^VIX,17.610000610351562
2025-06-05,^VIX,18.479999542236328
2025-06-06,^VIX,16.770000457763672
2025-06-09,^VIX,17.15999984741211
2025-06-10,^VIX,16.950000762939453
2025-06-11,^VIX,17.260000228881836
2025-06-12,^VIX,18.020000457763672
2025-06-13,^VIX,20.81999969482422
2025-06-16,^VIX,19.110000610351562
2025-06-17,^VIX,21.600000381469727
2025-06-18,^VIX,20.139999389648438
2025-06-19,^VIX,NA
2025-06-20,^VIX,20.6200008392334
2025-06-23,^VIX,19.829999923706055
2025-06-24,^VIX,17.479999542236328
2025-06-25,^VIX,16.760000228881836
2025-06-26,^VIX,16.59000015258789
2025-06-27,^VIX,16.31999969482422
2025-06-30,^VIX,16.729999542236328
2025-07-01,^VIX,16.829999923706055
2025-07-02,^VIX,16.639999389648438
2025-07-03,^VIX,16.3799991607666
2025-07-04,^VIX,NA
2025-07-07,^VIX,17.790000915527344
2025-07-08,^VIX,16.809999465942383
2025-07-09,^VIX,15.9399995803833
2025-07-10,^VIX,15.779999732971191
2025-07-11,^VIX,16.399999618530273
2025-07-14,^VIX,17.200000762939453
2025-07-15,^VIX,17.3799991607666
2025-07-16,^VIX,17.15999984741211
2025-07-17,^VIX,16.520000457763672
2025-07-18,^VIX,16.40999984741211
2025-07-21,^VIX,16.649999618530273
2025-07-22,^VIX,16.5
2025-07-23,^VIX,15.369999885559082
2025-07-24,^VIX,15.390000343322754
2025-07-25,^VIX,14.930000305175781
2025-07-28,^VIX,15.029999732971191
2025-07-29,^VIX,15.979999542236328
2025-07-30,^VIX,15.479999542236328
2025-07-31,^VIX,16.719999313354492
2025-08-01,^VIX,20.3799991607666
2025-08-04,^VIX,17.520000457763672
2025-08-05,^VIX,17.850000381469727
2025-08-06,^VIX,16.770000457763672
2025-08-07,^VIX,16.56999969482422
2025-08-08,^VIX,15.149999618530273
2025-08-11,^VIX,16.25
2025-08-12,^VIX,14.729999542236328
2025-08-13,^VIX,14.489999771118164
2025-08-14,^VIX,14.829999923706055
2025-08-15,^VIX,15.09000015258789
2025-08-18,^VIX,14.989999771118164
2025-08-19,^VIX,15.569999694824219
2025-08-20,^VIX,15.6899995803833
2025-08-21,^VIX,16.600000381469727
2025-08-22,^VIX,14.220000267028809
2025-08-25,^VIX,14.789999961853027
2025-08-26,^VIX,14.619999885559082
2025-08-27,^VIX,14.850000381469727
2025-08-28,^VIX,14.430000305175781
2025-08-29,^VIX,15.359999656677246
2025-09-01,^VIX,NA
2025-09-02,^VIX,17.170000076293945
2025-09-03,^VIX,16.350000381469727
2025-09-04,^VIX,15.300000190734863
2025-09-05,^VIX,15.180000305175781
2025-09-08,^VIX,15.109999656677246
2025-09-09,^VIX,15.039999961853027
2025-09-10,^VIX,15.350000381469727
2025-09-11,^VIX,14.710000038146973
2025-09-12,^VIX,14.760000228881836
2025-09-15,^VIX,15.6899995803833
2025-09-16,^VIX,16.360000610351562
2025-09-17,^VIX,15.720000267028809
2025-09-18,^VIX,15.699999809265137
2025-09-19,^VIX,15.449999809265137
2025-09-22,^VIX,16.100000381469727
2025-09-23,^VIX,16.639999389648438
2025-09-24,^VIX,16.18000030517578
2025-09-25,^VIX,16.739999771118164
2025-09-26,^VIX,15.289999961853027
2025-09-29,^VIX,16.1200008392334
2025-09-30,^VIX,16.280000686645508
2025-10-01,^VIX,16.290000915527344
2025-10-02,^VIX,16.6299991607666
2025-10-03,^VIX,16.649999618530273
2025-10-06,^VIX,16.3700008392334
2025-10-07,^VIX,17.239999771118164
2025-10-08,^VIX,16.299999237060547
2025-10-09,^VIX,16.43000030517578
2025-10-10,^VIX,21.65999984741211
2025-10-13,^VIX,19.030000686645508
2025-10-14,^VIX,20.809999465942383
2025-10-15,^VIX,20.639999389648438
2025-10-16,^VIX,25.309999465942383
2025-10-17,^VIX,20.780000686645508
2025-10-20,^VIX,18.229999542236328
2025-10-21,^VIX,17.8700008392334
2025-10-22,^VIX,18.600000381469727
2025-10-23,^VIX,17.299999237060547
2025-10-24,^VIX,16.3700008392334
2025-10-27,^VIX,15.789999961853027
2025-10-28,^VIX,16.420000076293945
2025-10-29,^VIX,16.920000076293945
2025-10-30,^VIX,16.90999984741211
2025-10-31,^VIX,17.440000534057617
2025-11-03,^VIX,17.170000076293945
2025-11-04,^VIX,19
2025-11-05,^VIX,18.010000228881836
2025-11-06,^VIX,19.5
2025-11-07,^VIX,19.079999923706055
2025-11-10,^VIX,17.600000381469727
2025-11-11,^VIX,17.280000686645508
2025-11-12,^VIX,17.510000228881836
2025-11-13,^VIX,20
2025-11-14,^VIX,19.829999923706055
2025-11-17,^VIX,22.3799991607666
2025-11-18,^VIX,24.690000534057617
2025-11-19,^VIX,23.65999984741211
2025-11-20,^VIX,26.420000076293945
2025-11-21,^VIX,23.43000030517578
2025-11-24,^VIX,20.520000457763672
2025-11-25,^VIX,18.559999465942383
2025-11-26,^VIX,17.190000534057617
2025-11-27,^VIX,NA
2025-11-28,^VIX,16.350000381469727
2025-12-01,^VIX,17.239999771118164
2025-12-02,^VIX,16.59000015258789
2025-12-03,^VIX,16.079999923706055
2025-12-04,^VIX,15.779999732971191
2025-12-05,^VIX,15.40999984741211
2025-12-08,^VIX,16.65999984741211
2025-12-09,^VIX,16.93000030517578
2025-12-10,^VIX,15.770000457763672
2025-12-11,^VIX,14.850000381469727
2025-12-12,^VIX,15.739999771118164
2025-12-15,^VIX,16.5
2025-12-16,^VIX,16.479999542236328
2025-12-17,^VIX,17.6200008392334
2025-12-18,^VIX,16.8700008392334
2025-12-19,^VIX,14.90999984741211
2025-12-22,^VIX,14.079999923706055
2025-12-23,^VIX,14
2025-12-24,^VIX,13.470000267028809
2025-12-25,^VIX,NA
2025-12-26,^VIX,13.600000381469727
2025-12-29,^VIX,14.199999809265137
2025-12-30,^VIX,14.329999923706055
2025-12-31,^VIX,14.949999809265137
2026-01-01,^VIX,NA
2026-01-02,^VIX,14.510000228881836
2026-01-05,^VIX,14.899999618530273
2026-01-06,^VIX,14.75
2026-01-07,^VIX,15.380000114440918
2026-01-08,^VIX,15.449999809265137
2026-01-09,^VIX,14.489999771118164
2026-01-12,^VIX,15.119999885559082
2026-01-13,^VIX,15.979999542236328
2026-01-14,^VIX,16.75
2026-01-15,^VIX,15.84000015258789
2026-01-16,^VIX,15.859999656677246
2026-01-19,^VIX,NA
2026-01-20,^VIX,20.09000015258789
2026-01-21,^VIX,16.899999618530273
2026-01-22,^VIX,15.640000343322754
2026-01-23,^VIX,16.09000015258789
2026-01-26,^VIX,16.149999618530273
2026-01-27,^VIX,16.350000381469727
2026-01-28,^VIX,16.350000381469727
2026-01-29,^VIX,16.8799991607666
2026-01-30,^VIX,17.440000534057617
